icao,name,state_code,lat,lon,elevation_m,iata,wmo
VAAH,Ahmadabad/Patel Intl,GJ,23.077,72.635,52,AMD,42647
VAAK,Akola,MM,20.699,77.059,311,AKD,
VAAM,Amravati Arpt,MM,20.8146,77.7178,343,AVR,
VAAU,Aurangabad Arpt,MM,19.863,75.398,578,IXU,43014
VABB,Mumbai/Shivaji Intl,MM,19.1,72.859,14,BOM,43003
VABI,Bilaspur Arpt,HP,21.988,82.111,278,,42782
VABJ,Bhuj-Rudramata Arpt,GJ,23.286,69.672,79,BHJ,42634
VABM,Belgaum Arpt,KA,15.859,74.618,766,,43198
VABO,Vadodara Arpt,GJ,22.333,73.225,36,BDQ,
VABP,Bhopal/Raja Bhoj Arpt,MP,23.288,77.337,520,BHO,42667
VABV,Bhavnagar Arpt,GJ,21.752,72.185,8,BHU,
VADN,Daman Arpt,DH,20.4344,72.8432,10,NMB,
VADU,Diu Arpt,DA,20.714,70.923,10,,42914
VAGD,Gondia Arpt,MA,21.467,80.2,312,GDB,42871
VAGO,Goa Arpt,,15.382,73.837,42,,
VAHS,Rajkot Intl,GJ,22.3772,71.0374,198,HSR,
VAID,Indore Arpt,MP,22.722,75.801,564,IDR,42754
VAJB,Jabalpur Arpt,MP,23.178,80.05,489,JLR,42675
VAJJ,Mumbai/Juhu Arpt,MM,19.098,72.834,1,,
VAJL,Jalgaon Arpt,MM,20.961,75.625,257,JLG,
VAJM,Jamnagar Arpt,GJ,22.465,70.009,20,,
VAKD,Khandwa Arpt,MP,21.857,76.337,334,,42855
VAKE,Kandla Arpt,GJ,23.15,70.117,29,IXY,
VAKP,Kolhapur Arpt,MM,16.664,74.287,612,KLH,43157
VAKS,Keshod Arpt,GJ,21.317,70.27,51,IXK,
VANM,Navi Mumbai Intl,MM,18.9846,73.0653,56,NMI,
VANP,Nagpur/Ambedkar Intl,MM,21.089,79.055,309,NAG,42867
VAOZ,Ozar Arpt,MM,20.119,73.914,598,ISK,42920
VAPO,Pune Intl,MM,18.582,73.92,593,,
VAPR,Porbandar Arpt,GJ,21.649,69.657,8,PBD,
VARK,Rajkot Arpt,GJ,22.309,70.779,125,RAJ,42737
VASD,Shirdi Intl,MH,19.689,74.379,587,,
VASL,Solapur Arpt,MM,17.627,75.935,488,SSE,43117
VASU,Surat Arpt,GJ,21.114,72.742,6,STV,
VAUD,Udaipur/Pratap Arpt,RJ,24.618,73.896,506,UDR,42542
VEAB,Allahabad Arpt,UP,25.441,81.735,98,,42475
VEAH,Azamgarh Arpt,UP,26.1533,83.1183,76,AZH,
VEAN,Along Arpt,AP,28.175,94.802,274,IXV,
VEAT,Agartala Arpt,TR,23.887,91.24,20,IXA,42724
VEAY,Ayodhya Arpt,UP,26.7484,82.1624,102,AYJ,
VEBD,Siliguri/Bagdogra Arpt,WB,26.681,88.329,126,IXB,42398
VEBI,Shillong Arpt,ML,25.704,91.979,892,SHL,42512
VEBN,Varanasi/Shastri Intl,MH,25.452,82.859,81,VNS,42479
VEBS,Bhubaneswar Intl,OR,20.244,85.818,42,BBI,42971
VEBU,Bilaspur Arpt,CT,21.988,82.111,274,PAB,
VECC,Kolkata/Bose Intl,WB,22.651,88.445,11,CCU,42809
VECO,Cooch Behar Arpt,WB,26.331,89.467,48,COH,
VECT,Chitrakoot Arpt,UP,25.1677,80.9358,320,CWK,
VECX,Car Nicobar Arpt,AN,9.15,92.817,14,,43368
VEDG,Durgapur/Kazi Nazrul Arpt,WB,23.623,87.243,88,RDP,
VEDO,Deoghar Arpt,BR,24.446,86.707,244,,
VEDX,Kalaikuinda Arpt,WB,22.339,87.214,61,,
VEDZ,Daporijo Arpt,AR,27.985,94.222,229,DEP,
VEGK,Gorakhpur Arpt,UP,26.74,83.451,83,GOP,42379
VEGT,Guwahati/Bordoloi Intl,AS,26.107,91.587,50,GAU,42410
VEGY,Gaya Arpt,BR,24.744,84.951,115,GAY,42591
VEHX,Hasimara Arpt,WB,26.6979,89.3689,104,,
VEIM,Imphal Arpt,MN,24.76,93.897,777,IMF,42623
VEJH,Jharsuguda Arpt,OR,21.914,84.05,231,JRG,42886
VEJP,Jeypore Arpt,OR,18.8796,82.5525,597,PYB,
VEJR,Jagdalpur Arpt,CT,19.075,82.037,555,JGB,
VEJS,Jamshedpur/Sonari Arpt,BR,22.813,86.169,151,IXW,42798
VEJT,Jorhat Arpt,AS,26.731,94.175,95,JRH,
VEKI,Kushinagar Arpt,UP,26.776,83.889,81,,
VEKO,Khajuraho Arpt,MP,24.817,79.919,222,,
VEKU,Silchar Kumbhigram Arpt,AS,24.913,92.979,107,IXS,
VELP,Lengpui Arpt,MZ,23.841,92.62,429,AJL,42726
VELR,N Lakhimpur/Lilabari Arpt,AS,27.296,94.098,101,IXI,42309
VEMN,Dibrugarh Arpt,AS,27.481,95.014,111,DIB,42314
VEMR,Dimapur Arpt,NL,25.884,93.771,147,DMU,
VEPB,Port Blair,AN,11.645,92.733,6,,43333
VEPG,Pasighat Arpt,AR,28.065,95.337,157,IXT,
VEPT,Patna/Narayan Intl,BR,25.591,85.088,53,PAT,42492
VEPU,Purnea Arpt,BR,25.759,87.418,39,,
VEPY,Pakyong Arpt,SK,27.228,88.587,1399,,
VERB,Fursatganj Arpt,UP,26.25,81.383,110,,42372
VERC,Ranchi/Bursa Munda Arpt,BR,23.314,85.322,646,IXR,42701
VERK,Rourkela Arpt,OR,22.256,84.816,196,,
VERP,Raipur/Vivikenanda Arpt,CT,21.182,81.738,318,,42875
VERU,Rupsi Arpt,AS,26.14,89.91,45,RUP,
VERW,Rewa Arpt,MP,24.5034,81.2203,305,REW,
VETJ,Tezu Arpt,AP,27.941,96.134,244,TEI,
VETZ,Tezpur Arpt,AS,26.709,92.785,73,TEZ,
VEUK,Utkela Arpt,OR,20.0976,83.1838,205,,
VEZO,Zero Arpt,AP,27.588,93.828,1647,ZER,
VIAG,Agra Intl,UP,27.156,77.961,159,AGR,42260
VIAL,Allahabad/Bamhra,UP,25.44,81.734,100,IXD,
VIAM,Ambala Arpt,HR,30.368,76.817,277,,
VIAR,Amritsar/Jee Intl,PB,31.707,74.801,226,ATQ,42071
VIAW,Awantipur,PB,33.876,74.976,1644,,
VIAX,Adampur Arpt,PB,31.434,75.758,226,AIP,
VIBK,Nal Arpt,RJ,28.071,73.207,229,BKB,
VIBN,Varanasi/Babatp,UP,25.452,82.859,83,,
VIBR,Bhuntar Arpt,HP,31.876,77.154,1089,KUU,
VIBT,Bhantinda Arpt,PB,30.269,74.757,211,BUP,
VIBY,Bareilly Arpt,UP,28.421,79.452,175,BEK,42189
VICG,Chandigarh/Singh Intl,CH,30.677,76.789,316,IXC,
VICX,Kanpur/Chakeri Arpt,UP,26.404,80.41,127,,42367
VIDD,New Delhi/Safdarjung,DL,28.583,77.211,213,,42182
VIDN,Dehradun Arpt,UP,30.19,78.18,550,DED,
VIDP,New Delhi/Gandhi Intl,DL,28.567,77.117,236,DEL,42181
VIDX,Hindon,UP,28.708,77.359,213,,
VIGG,Kangra Arpt,HP,32.165,76.263,760,DHM,
VIGR,Gwalior Arpt,MP,26.293,78.228,187,GWL,42361
VIHR,Hissar,HR,29.178,75.755,217,HSS,42131
VIHX,Halwar,PB,30.748,75.629,241,,
VIJN,Jhansi Arpt,UP,25.491,78.559,239,,42463
VIJO,Jodhpur Arpt,RJ,26.243,73.039,215,JDH,42339
VIJP,Jaipur Intl,RJ,26.824,75.812,383,JAI,42348
VIJR,Jaisalmer Arpt,RJ,26.889,70.865,229,JSA,
VIJU,Jammu Arpt,JK,32.689,74.837,285,IXJ,
VIKG,Kishangarh Arpt,RJ,26.591,74.816,450,KQH,
VIKO,Kota Arpt,RJ,25.163,75.849,275,KTU,42452
VILD,Ludhiana Arpt,PB,30.855,75.953,270,LUH,
VILH,Leh Kushok Bakula Arpt,JK,34.136,77.546,3256,IXL,
VILK,Lucknow/Singh Arpt,JK,26.761,80.889,121,LKO,42369
VIPK,Pathankot Arpt,PB,32.234,75.635,310,IXP,
VIPT,Pantnagar Arpt,PB,29.033,79.474,236,PGH,
VIPX,Phalodi Arpt,RJ,27.105,72.216,242,,
VISM,Shimla Arpt,HP,31.082,77.068,1537,SLV,
VISP,Sarsawa Arpt,UP,29.994,77.425,272,,
VISR,Srinagar Intl,JK,33.987,74.774,1655,SXR,
VIST,Satna,MP,24.567,80.833,317,TNI,42571
VIUD,Udaipur Dabok,RJ,24.617,73.883,515,,
VIUT,Uttarlai Arpt,RJ,25.813,71.482,152,,
VOAR,Arkonam Arpt,TN,13.071,79.691,81,,
VOAT,Agatti Arpt,LD,10.824,72.176,5,AGX,
VOBG,Bangaluru/Hal Arpt,KA,12.949,77.663,884,,
VOBI,Bellary,KA,15.167,76.867,470,BEP,
VOBL,Bangaluru Intl,KA,13.205,77.704,908,BLR,
VOBM,Belagavi Arpt,KA,15.861,74.617,758,IXG,
VOBR,Bidar Arpt,KA,17.909,77.482,664,IXX,43125
VOBX,Campbell Bay/Jatin Arpt,AN,7.013,93.923,1,,
VOBZ,Vijayawada Arpt,AP,16.53,80.797,26,VGA,43181
VOCB,Coimbatore Arpt,TN,11.03,77.043,394,CJB,43321
VOCC,Kochi Naval Arpt,KL,9.947,76.273,1,,43353
VOCI,Cochin Intl,KL,10.152,76.402,8,COK,
VOCL,Calicut Intl,KL,11.137,75.955,104,CCJ,
VOCP,Kadapa Arpt,AP,14.513,78.771,134,CDP,
VOCX,Car Nicobar,AN,9.153,92.819,2,CBD,
VODX,Shibpur,AN,13.236,93.05,1,,
VOGA,Manohar Intl,GA,15.7426,73.8631,168,GOX,
VOGB,Kalaburagi Arpt,KA,17.309,76.957,477,GBI,
VOGO,Goa Intl,GA,15.378,73.828,56,GOI,43194
VOHB,Hubli Arpt,KA,15.362,75.085,661,,
VOHS,Hyderabad/Gandhi Intl,AP,17.233,78.429,607,HYD,
VOHY,Hyderabad/Begumpet Arpt,AP,17.453,78.468,540,BPM,43128
VOJV,Jindal/Vijayanagar Arpt,,15.174,76.635,508,VDY,
VOKN,Kannur Intl,KL,11.917,75.547,105,CNN,
VOKU,Kurnool Arpt,AP,15.716,78.169,280,KJB,
VOKV,Kavaratti,LD,10.542,72.616,4,,43337
VOLT,Latur Arpt,MA,18.408,76.465,649,,
VOMD,Madurai Intl,TN,9.835,78.093,135,IXM,43360
VOML,Mangaluru Arpt,KA,12.961,74.89,100,IXE,43284
VOMM,Chennai Intl,TN,12.994,80.18,7,MAA,43279
VOMY,Mysuru Arpt,KA,12.229,76.652,727,MYQ,
VOND,Nanded Arpt,WB,19.181,77.333,86,,
VOPB,Port Blair/Veer Savarkar Intl,AN,11.641,92.73,1,IXZ,
VOPC,Pondicherry Arpt,TN,11.969,79.81,43,,
VORM,Ramnad Arpt,TN,9.3253,78.9716,5,,
VORY,Rajahmundry Arpt,AP,17.11,81.818,47,RJA,
VOSH,Shivamogga/Kuvempu Arpt,KA,13.857,75.615,654,RQY,
VOSM,Salem Arpt,TN,11.783,78.066,301,SXV,
VOSR,Sindhudurg Arpt,MA,16.001,73.534,62,,
VOTJ,Thanjavur Arpt,TN,10.722,79.102,77,TJV,
VOTK,Tuticorin Arpt,TN,8.722,78.028,25,TCR,
VOTP,Tirupati Arpt,AP,13.633,79.543,103,TIR,
VOTR,Tiruchchirapalli Arpt,TN,10.765,78.71,90,TRZ,43344
VOTV,Thiruvananthapuram Intl,KL,8.484,76.919,9,TRV,43372
VOVI,Visakhapatnam Intl,AP,17.9715,83.5036,57,VTZ,
VOVR,Vellore,TN,12.909,79.064,234,,43303
VOVZ,Vizagapatam Arpt,AP,17.722,83.228,4,VTZ,43149
