district,state,lat,lng,min_lat,min_lng,max_lat,max_lng,census_code
Nicobars,Andaman and Nicobar Islands,6.995983,93.804278,6.754368,92.716021,9.258795,93.94287,638
North and Middle Andaman,Andaman and Nicobar Islands,12.189516,92.804986,12.063774,92.64678,13.671077,93.101952,639
South Andaman,Andaman and Nicobar Islands,10.713155,92.48562,10.514075,92.20386,12.327791,93.119588,640
Alluri Sitharama Raju,Andhra Pradesh,17.885925,82.216169,17.222175,80.885494,18.549562,83.266582,745
Anakapalli,Andhra Pradesh,17.67232,82.777064,17.248903,82.328796,18.095521,83.162727,744
Anantapuramu,Andhra Pradesh,14.725074,77.430825,14.213918,76.761131,15.233943,78.137473,502
Annamayya,Andhra Pradesh,13.895903,78.87124,13.307298,78.067181,14.485076,79.469284,753
Bapatla,Andhra Pradesh,15.932593,80.389534,15.612704,79.862881,16.256867,80.910064,750
Chittoor,Andhra Pradesh,13.202666,79.004854,12.622723,78.199458,13.782569,79.797628,503
East Godavari,Andhra Pradesh,16.998429,81.715615,16.678458,81.29282,17.318257,82.077785,505
Eluru,Andhra Pradesh,17.015219,81.080454,16.37792,80.687048,17.652228,81.679687,748
Guntur,Andhra Pradesh,16.280288,80.57025,15.981794,80.122561,16.578478,80.827996,506
Kakinada,Andhra Pradesh,17.121313,82.184225,16.706382,81.901931,17.536187,82.604892,746
Konaseema,Andhra Pradesh,16.645074,82.082432,16.310276,81.700787,16.980211,82.361728,747
Krishna,Andhra Pradesh,16.213991,81.025728,15.712259,80.642672,16.762801,81.555612,510
Kurnool,Andhra Pradesh,15.547863,77.55311,15.131083,76.974137,15.963779,78.27315,511
NTR,Andhra Pradesh,16.811928,80.294174,16.470914,80.008444,17.153185,80.854817,749
Nandyal,Andhra Pradesh,15.524815,78.415171,14.900767,77.654215,16.149218,78.930931,755
Palnadu,Andhra Pradesh,16.323001,79.69731,15.823884,79.207755,16.822145,80.429535,751
Parvathipuram Manyam,Andhra Pradesh,18.751773,83.547053,18.340961,83.000808,19.162722,83.925719,743
Prakasam,Andhra Pradesh,15.658974,79.471644,15.021976,78.736482,16.306383,80.27278,517
Sri Potti Sriramulu Nellore,Andhra Pradesh,14.718758,79.65961,14.108156,79.081427,15.328304,80.194391,515
Sri Sathya Sai,Andhra Pradesh,14.16822,77.964243,13.682698,76.888218,14.654233,78.467817,754
Srikakulam,Andhra Pradesh,18.621874,84.146439,18.077327,83.58716,19.16633,84.764741,519
Tirupati,Andhra Pradesh,13.77929,79.835123,13.29362,78.982669,14.264928,80.268529,752
Visakhapatnam,Andhra Pradesh,17.805648,83.283244,17.546534,83.111744,18.064638,83.524719,520
Vizianagaram,Andhra Pradesh,18.275141,83.466721,17.841239,83.006859,18.709505,83.836756,521
West Godavari,Andhra Pradesh,16.637138,81.589097,16.312772,81.326122,16.966174,81.860465,523
YSR,Andhra Pradesh,14.691999,78.658838,14.155468,77.944766,15.228912,79.293474,504
Anjaw,Arunachal Pradesh,28.037373,96.843107,27.613947,96.273212,28.460374,97.411498,260
Changlang,Arunachal Pradesh,27.268375,96.05691,26.879104,95.629002,27.660617,97.163641,253
East Kameng,Arunachal Pradesh,27.554124,92.982368,27.131971,92.460909,27.976702,93.373722,247
East Siang,Arunachal Pradesh,28.059435,95.407901,27.815902,95.067229,28.314,95.564035,251
Kamle,Arunachal Pradesh,27.734865,94.111999,27.482422,93.882538,27.978823,94.353685,778
Kra Daadi,Arunachal Pradesh,27.970974,93.774342,27.617341,93.446878,28.322061,93.9617,763
Kurung Kumey,Arunachal Pradesh,27.983278,93.162202,27.60334,92.662907,28.364913,93.618303,256
Lepa Rada,Arunachal Pradesh,27.923879,94.741068,27.77305,94.484711,28.061981,94.956949,784
Lohit,Arunachal Pradesh,27.96758,96.194272,27.569822,95.770947,28.36958,96.700138,259
Longding,Arunachal Pradesh,26.878679,95.314881,26.650844,95.180785,27.109909,95.505074,761
Lower Dibang Valley,Arunachal Pradesh,28.211113,95.877668,27.883361,95.32,28.537592,96.371481,258
Lower Siang,Arunachal Pradesh,27.805083,94.565897,27.555397,94.209557,28.052222,95.136564,779
Lower Subansiri,Arunachal Pradesh,27.568337,93.833449,27.336047,93.542963,27.820144,94.106374,255
Namsai,Arunachal Pradesh,27.701135,96.014879,27.543093,95.755114,27.877421,96.311428,762
Pakke Kessang,Arunachal Pradesh,27.150639,93.13894,26.91347,92.594665,27.399688,93.398835,783
Papum Pare,Arunachal Pradesh,27.308682,93.630924,26.936805,93.212124,27.669527,94.21993,248
Shi Yomi,Arunachal Pradesh,28.669542,94.242787,28.336062,93.962246,29.03866,94.558413,785
Siang,Arunachal Pradesh,28.475012,94.824726,28.023372,94.378252,28.932168,95.295433,764
Tawang,Arunachal Pradesh,27.661678,91.944325,27.46036,91.546459,27.861723,92.468553,245
Tirap,Arunachal Pradesh,27.029721,95.496603,26.799764,95.360399,27.264345,95.693969,254
Upper Dibang Valley,Arunachal Pradesh,28.862162,95.936235,28.274542,95.245752,29.459965,96.614425,257
Upper Siang,Arunachal Pradesh,28.75376,95.017298,28.151927,94.187173,29.348381,95.41008,252
Upper Subansiri,Arunachal Pradesh,28.224266,94.105548,27.760322,93.183189,28.712393,94.594991,249
West Kameng,Arunachal Pradesh,27.33732,92.431734,26.890135,92.013784,27.78196,92.844706,246
West Siang,Arunachal Pradesh,28.191384,94.486161,27.985611,94.356415,28.403522,94.94876,250
Baksa,Assam,26.628302,91.462804,26.416424,90.869401,26.839906,91.801587,324
Barpeta,Assam,26.377676,91.0491,26.089675,90.653387,26.665402,91.290131,303
Biswanath,Assam,26.792776,93.359712,26.594501,93.043173,26.994349,93.789254,756
Bongaigaon,Assam,26.351706,90.631135,26.165798,90.390181,26.53047,90.861758,319
Cachar,Assam,24.773337,92.88325,24.376512,92.418392,25.142956,93.262178,316
Charaideo,Assam,27.079265,95.073318,26.913005,94.733736,27.224364,95.368487,755
Chirang,Assam,26.665127,90.627892,26.385645,90.336011,26.904486,90.956804,320
Darrang,Assam,26.436623,92.004512,26.1985,91.746753,26.668699,92.380506,325
Dhemaji,Assam,27.593709,94.726614,27.309006,94.209984,27.879785,95.515377,308
Dhubri,Assam,26.130897,90.11905,25.879171,89.698602,26.383997,90.483566,301
Dibrugarh,Assam,27.399281,94.997587,27.091357,94.563916,27.704457,95.484138,310
Dima Hasao,Assam,25.39743,93.079736,24.970376,92.522411,25.826408,93.473208,315
Goalpara,Assam,26.056423,90.589156,25.885217,90.116673,26.215263,91.099374,302
Golaghat,Assam,26.363111,94.010684,25.809095,93.287103,26.930318,94.177748,313
Hailakandi,Assam,24.48465,92.627389,24.136603,92.419057,24.879139,92.779635,318
Hojai,Assam,25.961064,92.979679,25.718408,92.703864,26.202622,93.246891,757
Jorhat,Assam,26.647264,94.275062,26.347722,93.972368,26.951204,94.602798,312
Kamrup,Assam,26.124164,91.300099,25.72253,90.940188,26.529096,91.822192,321
Kamrup Metropolitan,Assam,26.13337,91.86452,25.998713,91.564304,26.274897,92.175126,322
Karbi Anglong,Assam,26.074698,93.456443,25.530438,92.793593,26.612638,93.89427,314
Karimganj,Assam,24.581795,92.374081,24.234435,92.192408,24.915689,92.586219,317
Kokrajhar,Assam,26.488424,90.120038,26.116607,89.827878,26.862715,90.437372,300
Lakhimpur,Assam,27.172838,94.18899,26.823417,93.697531,27.52006,94.629052,307
Majuli,Assam,27.017708,94.329081,26.866837,93.956748,27.181219,94.592828,760
Morigaon,Assam,26.295783,92.295254,26.065767,91.972073,26.514531,92.568273,304
Nagaon,Assam,26.334119,92.754282,25.964087,92.395461,26.698379,93.317678,305
Nalbari,Assam,26.347859,91.39846,26.136118,91.215689,26.571966,91.584908,323
Sivasagar,Assam,26.994349,94.621825,26.712394,94.395424,27.274655,94.941775,311
Sonitpur,Assam,26.76131,92.70227,26.496119,92.323678,27.031723,93.145198,306
South Salmara Mankachar,Assam,25.757705,89.888849,25.466407,89.816912,26.054225,90.19743,758
Tinsukia,Assam,27.592335,95.565609,27.22299,95.219935,27.971297,96.015202,309
Udalguri,Assam,26.701539,92.041308,26.475508,91.704215,26.931967,92.399117,326
West Karbi Anglong,Assam,25.860072,92.585461,25.550499,92.14422,26.15508,93.073747,759
Araria,Bihar,26.264679,87.373223,25.943108,87.037436,26.587573,87.705704,209
Arwal,Bihar,25.188367,84.667009,25.047944,84.446888,25.310014,84.864166,240
Aurangabad,Bihar,24.815228,84.416004,24.477525,84.007812,25.128072,84.746456,235
Banka,Bihar,24.832946,86.814862,24.547868,86.486879,25.121725,87.176633,225
Begusarai,Bihar,25.512451,86.087979,25.249719,85.734533,25.774917,86.513971,222
Bhagalpur,Bihar,25.289519,87.132512,25.058257,86.63822,25.519194,87.55156,224
Bhojpur,Bihar,25.462205,84.565585,25.161128,84.273126,25.74477,84.848907,231
Buxar,Bihar,25.496451,84.108119,25.265322,83.772393,25.731812,84.364367,232
Darbhanga,Bihar,26.082738,86.032065,25.718854,85.676612,26.446357,86.413699,215
East Champaran,Bihar,26.638215,84.900014,26.256746,84.487682,27.021007,85.295768,204
Gaya,Bihar,24.688556,85.013943,24.286327,84.291188,25.073067,85.397597,236
Gopalganj,Bihar,26.421234,84.370199,26.20412,83.908164,26.639141,84.906517,217
Jamui,Bihar,24.756255,86.301474,24.372538,85.821725,25.143939,86.618913,238
Jehanabad,Bihar,25.157691,85.006194,24.986856,84.824307,25.318212,85.211067,239
Kaimur,Bihar,24.97165,83.57715,24.540993,83.320238,25.410241,83.897888,233
Katihar,Bihar,25.566398,87.651916,25.24205,87.200299,25.891276,88.074403,212
Khagaria,Bihar,25.49222,86.697185,25.25395,86.278863,25.729961,86.856824,223
Kishanganj,Bihar,26.30633,87.945365,25.932001,87.611038,26.573293,88.299546,210
Lakhisarai,Bihar,25.157955,86.175702,24.974162,85.902067,25.335666,86.389721,227
Madhepura,Bihar,25.77148,86.933608,25.443297,86.61611,26.115001,87.125563,213
Madhubani,Bihar,26.352212,86.236881,26.033814,85.75166,26.666115,86.724167,207
Munger,Bihar,25.219308,86.518028,24.947453,86.260801,25.493278,86.737868,226
Muzaffarpur,Bihar,26.153081,85.332661,25.903969,84.8651,26.393202,85.764427,216
Nalanda,Bihar,25.205688,85.444208,24.96094,85.153147,25.462073,85.906738,229
Nawada,Bihar,24.813905,85.519303,24.520894,85.266808,25.112999,86.054965,237
Patna,Bihar,25.468287,85.195887,25.205292,84.686667,25.730225,86.068978,230
Purnia,Bihar,25.772537,87.409977,25.432983,86.989792,26.117645,87.872926,211
Rohtas,Bihar,24.932511,84.012382,24.503441,83.497114,25.374804,84.463392,234
Saharsa,Bihar,25.832964,86.615729,25.590596,86.316854,26.071895,86.874262,214
Samastipur,Bihar,25.775711,85.924381,25.462073,85.526517,26.088556,86.391278,221
Saran,Bihar,25.913622,84.777642,25.600909,84.40516,26.221045,85.24065,219
Sheikhpura,Bihar,25.128072,85.81263,24.977071,85.612464,25.274049,86.01386,228
Sheohar,Bihar,26.493297,85.270496,26.327354,85.17837,26.661355,85.40289,205
Sitamarhi,Bihar,26.575144,85.597575,26.271026,85.239093,26.872386,85.825462,206
Siwan,Bihar,26.129281,84.384741,25.881755,84.009058,26.375748,84.776351,218
Supaul,Bihar,26.274861,86.795149,25.991238,86.404669,26.559541,87.119023,208
Vaishali,Bihar,25.734986,85.398427,25.495922,85.069068,26.013452,85.645161,220
West Champaran,Bihar,27.058162,84.33212,26.583606,83.830936,27.521347,84.760158,203
Chandigarh,Chandigarh,30.735221,76.777586,30.667443,76.705152,30.794975,76.848082,055
Balod,Chhattisgarh,20.736186,81.147074,20.377133,80.803301,21.078188,81.516997,719
Baloda Bazar,Chhattisgarh,21.57332,82.436952,21.262469,81.65759,21.883187,82.985945,721
Balrampur,Chhattisgarh,23.629101,83.485222,23.150528,82.69264,24.106034,84.07467,716
Bametara,Chhattisgarh,21.680871,81.440261,21.331984,81.138852,22.024513,81.937043,718
Bastar,Chhattisgarh,19.076019,81.855378,18.593675,81.343854,19.552132,82.245931,414
Bijapur,Chhattisgarh,18.780251,80.740433,18.140187,80.246472,19.398346,81.236505,417
Bilaspur,Chhattisgarh,22.427176,82.044089,21.71235,81.728232,23.116754,82.472748,406
Dakshin Bastar Dantewada,Chhattisgarh,18.861079,81.392041,18.392671,81.114612,19.336373,81.777405,416
Dhamtari,Chhattisgarh,20.54092,81.71524,20.048248,81.410341,21.024084,82.180136,412
Durg,Chhattisgarh,21.201643,81.400665,20.848984,81.148548,21.544136,81.625385,409
Gariaband,Chhattisgarh,20.422384,82.251671,19.775433,81.866054,21.083434,82.724499,720
Janjgir Champa,Chhattisgarh,21.970245,82.664992,21.682839,82.304453,22.262897,83.315956,405
Jashpur,Chhattisgarh,22.770653,83.973149,22.289129,83.379673,23.251194,84.39637,402
Kabeerdham,Chhattisgarh,22.116817,81.248822,21.70448,80.825463,22.525547,81.555435,407
Kondagaon,Chhattisgarh,19.714116,81.742137,19.222591,81.291565,20.195476,82.065515,722
Korba,Chhattisgarh,22.521612,82.635242,22.039596,82.13408,23.000021,83.120997,404
Koriya,Chhattisgarh,23.435966,82.315693,22.938047,81.576559,23.92536,82.772286,400
Mahasamund,Chhattisgarh,21.189838,82.488684,20.826359,81.988293,21.556269,83.278557,411
Mungeli,Chhattisgarh,22.241584,81.659414,21.814,81.469902,22.670152,82.03712,717
Narayanpur,Chhattisgarh,19.596399,81.109197,19.227837,80.665825,19.947254,81.516651,415
Raigarh,Chhattisgarh,22.062877,83.30899,21.342477,82.922921,22.788524,83.803527,403
Raipur,Chhattisgarh,21.286078,81.821981,20.941453,81.534312,21.625784,82.193295,410
Rajnandgaon,Chhattisgarh,20.959651,80.701268,20.0994,80.388796,21.835641,81.216767,408
Sukma,Chhattisgarh,18.266757,81.297651,17.787692,80.91342,18.75074,81.963707,723
Surajpur,Chhattisgarh,23.362516,82.958995,22.797705,82.498027,23.91913,83.367206,715
Surguja,Chhattisgarh,22.946901,83.166858,22.625885,82.755664,23.269884,83.690638,401
Uttar Bastar Kanker,Chhattisgarh,20.134158,80.985998,19.702311,80.401955,20.562726,81.814111,413
Dadra and Nagar Haveli,Dadra and Nagar Haveli and Daman and Diu,20.2054,73.007098,19.459169,72.732615,20.359642,73.217971,496
Daman,Dadra and Nagar Haveli and Daman and Diu,20.417079,72.85413,20.367672,72.821247,20.467378,72.900451,495
Diu,Dadra and Nagar Haveli and Daman and Diu,20.71798,70.93655,20.699578,70.876053,20.763372,71.153736,494
Delhi,Delhi,28.645591,77.122893,28.404713,76.839559,28.883615,77.347361,
North Goa,Goa,15.598323,73.995667,15.406844,73.676874,15.799898,74.278347,585
South Goa,Goa,15.205442,74.120049,14.900642,73.783818,15.539835,74.336246,586
Ahmedabad,Gujarat,22.742212,72.296295,21.98158,71.835462,23.507154,72.84268,474
Amreli,Gujarat,21.411603,71.27978,20.794875,70.73637,22.041595,71.677216,480
Anand,Gujarat,22.464353,72.734771,22.209372,72.341696,22.734586,73.219919,482
Aravalli,Gujarat,23.488918,73.399194,23.058203,72.971301,23.909686,73.656405,725
Banaskantha,Gujarat,24.268827,72.537686,23.826792,71.655296,24.712428,73.027925,469
Bharuch,Gujarat,21.825906,72.913905,21.421551,72.508941,22.230261,73.500035,488
Bhavnagar,Gujarat,21.571091,71.918742,20.99614,71.478098,22.130125,72.444443,481
Botad,Gujarat,22.040766,71.670275,21.687805,71.3911,22.402017,72.169576,726
Chhota Udaipur,Gujarat,22.225785,73.780007,21.871166,73.477911,22.573772,74.290886,731
Dahod,Gujarat,22.919273,74.135338,22.503147,73.797401,23.33573,74.47613,485
Dang,Gujarat,20.778462,73.70862,20.563104,73.467411,21.084671,73.944021,489
Devbhumi Dwarka,Gujarat,22.155325,69.425286,21.79424,68.936426,22.484579,69.936145,728
Gandhinagar,Gujarat,23.284668,72.653393,22.99653,72.336446,23.567169,73.026425,473
Gir Somnath,Gujarat,20.985696,70.686313,20.690429,70.239136,21.290579,71.223855,729
Jamnagar,Gujarat,22.314978,70.108103,21.699078,69.725402,22.936846,70.663248,477
Junagadh,Gujarat,21.336833,70.425265,20.992493,69.941395,21.68051,70.947489,479
Kheda,Gujarat,22.842679,72.993524,22.500494,72.505941,23.205422,73.421663,483
Kutch,Gujarat,23.733786,69.623204,22.773712,68.094952,24.689549,71.762339,468
Mahisagar,Gujarat,23.191164,73.659401,22.924578,73.241668,23.458413,74.020519,730
Mehsana,Gujarat,23.569159,72.450642,23.03864,71.935208,24.101999,72.86668,471
Morbi,Gujarat,22.810019,70.878395,22.327744,70.404506,23.222,71.358851,727
Narmada,Gujarat,21.73522,73.629337,21.399003,73.299416,22.081715,73.989395,487
Navsari,Gujarat,20.829856,73.033302,20.579683,72.721559,21.079366,73.496285,490
Panchmahal,Gujarat,22.694797,73.598245,22.286297,73.350415,23.108933,73.928272,484
Patan,Gujarat,23.773575,71.681562,23.391767,71.038986,24.155051,72.486441,470
Porbandar,Gujarat,21.606238,69.851704,21.227911,69.371788,21.979591,70.148764,478
Rajkot,Gujarat,22.06696,71.027312,21.52666,70.029892,22.613893,71.509222,476
Sabarkantha,Gujarat,23.865421,73.013223,23.084729,72.723434,24.498562,73.420538,472
Surat,Gujarat,21.176351,72.959627,20.816759,72.598188,21.56877,73.699154,492
Surendranagar,Gujarat,22.824442,71.620975,22.124489,70.980863,23.526717,72.189451,475
Tapi,Gujarat,21.191604,73.556996,20.808469,73.198544,21.56877,74.33026,493
Vadodara,Gujarat,22.320947,73.300821,21.823419,72.86293,22.813169,73.566408,486
Valsad,Gujarat,20.432629,73.145795,20.120452,72.737684,20.749781,73.49291,491
Vav-Tharad,Gujarat,24.305242,71.661888,23.924938,71.257229,24.683913,72.05223,746
Ambala,Haryana,30.345776,76.954649,30.071935,76.539585,30.56474,77.208485,070
Bhiwani,Haryana,28.731522,75.890805,28.386451,75.474232,29.081189,76.365182,081
Charkhi Dadri,Haryana,28.598927,76.11208,28.38591,75.816929,28.812215,76.480636,765
Faridabad,Haryana,28.359553,77.327655,28.199115,77.153812,28.520533,77.55057,088
Fatehabad,Haryana,29.535067,75.57578,29.248792,75.220112,29.822424,75.964148,078
Gurugram,Haryana,28.364149,76.940606,28.199115,76.650763,28.541077,77.225589,086
Hisar,Haryana,29.240817,75.817574,28.898719,75.328235,29.580482,76.318146,080
Jhajjar,Haryana,28.5969,76.651218,28.355093,76.285159,28.839788,76.971774,083
Jind,Haryana,29.45505,76.378078,29.055508,75.932994,29.844861,76.762552,077
Kaithal,Haryana,29.853511,76.47959,29.516144,76.168178,30.19196,76.730786,073
Karnal,Haryana,29.710103,76.916206,29.440994,76.5011,29.99327,77.226505,074
Kurukshetra,Haryana,30.05558,76.757951,29.866757,76.421688,30.254946,77.119909,072
Mahendragarh,Haryana,28.13329,76.174096,27.799302,75.892676,28.467819,76.367626,084
Nuh,Haryana,27.994613,77.041429,27.654137,76.85296,28.334278,77.344403,087
Palwal,Haryana,28.065438,77.316846,27.846879,77.121131,28.272373,77.546905,089
Panchkula,Haryana,30.702066,76.99011,30.425251,76.776601,30.928599,77.17672,069
Panipat,Haryana,29.337999,76.899183,29.161746,76.631826,29.514252,77.161142,075
Rewari,Haryana,28.21601,76.583076,27.966634,76.279966,28.471874,76.858763,085
Rohtak,Haryana,28.88696,76.588857,28.682458,76.212466,29.097949,76.883503,082
Sirsa,Haryana,29.615219,74.895308,29.22284,74.474853,29.992459,75.3038,079
Sonipat,Haryana,29.04456,76.920282,28.797887,76.474528,29.28907,77.232309,076
Yamunanagar,Haryana,30.212775,77.325224,29.938394,77.064931,30.488237,77.604021,071
Bilaspur,Himachal Pradesh,31.402346,76.6387,31.208968,76.39211,31.5954,76.927855,030
Chamba,Himachal Pradesh,32.698402,76.167294,32.175535,75.801243,33.209589,76.879528,023
Hamirpur,Himachal Pradesh,31.654127,76.538974,31.417271,76.29961,31.892281,76.730773,028
Kangra,Himachal Pradesh,32.076088,76.298072,31.685924,75.594723,32.464629,77.077743,024
Kinnaur,Himachal Pradesh,31.594427,78.328605,31.098003,77.747895,32.087606,79.008915,034
Kullu,Himachal Pradesh,31.872976,77.45272,31.340374,76.935406,32.414662,77.869089,026
Lahaul and Spiti,Himachal Pradesh,32.499022,77.583468,31.750816,76.377386,33.256636,78.674027,025
Mandi,Himachal Pradesh,31.654127,77.011728,31.229733,76.620529,32.07041,77.385824,027
Shimla,Himachal Pradesh,31.238007,77.709882,30.764133,76.989018,31.713828,78.311201,033
Sirmaur,Himachal Pradesh,30.695347,77.452457,30.377701,77.023375,31.020781,77.826803,032
Solan,Himachal Pradesh,31.06069,76.851568,30.747586,76.600141,31.365033,77.249528,031
Una,Himachal Pradesh,31.544135,76.258578,31.301115,75.936784,31.866324,76.479325,029
Anantnag,Jammu and Kashmir,33.807342,75.249352,33.364,75.028766,34.255903,75.59519,014
Bandipora,Jammu and Kashmir,34.457605,74.689037,34.174821,74.439192,34.738783,75.372068,009
Baramulla,Jammu and Kashmir,34.173817,74.341262,33.906287,73.894439,34.446566,74.707628,008
Budgam,Jammu and Kashmir,33.90729,74.621853,33.680702,74.401759,34.139498,74.914003,002
Doda,Jammu and Kashmir,33.13119,75.593084,32.862255,75.335128,33.403337,76.221705,016
Ganderbal,Jammu and Kashmir,34.289018,75.032556,34.115816,74.644582,34.463826,75.497174,011
Jammu,Jammu and Kashmir,32.770736,74.920608,32.476111,74.306698,33.060545,75.165693,021
Kathua,Jammu and Kashmir,32.579872,75.607573,32.276216,75.191798,32.889951,75.936523,007
Kishtwar,Jammu and Kashmir,33.629524,75.869855,33.021208,75.3898,34.23784,76.779264,018
Kulgam,Jammu and Kashmir,33.628119,74.694153,33.465955,74.514058,33.783459,75.176036,015
Kupwara,Jammu and Kashmir,34.509987,74.192302,34.24065,73.756527,34.786549,74.600746,001
Mirpur,Jammu and Kashmir,33.243782,73.808969,32.75749,73.55754,33.716025,74.449535,991
Muzaffarabad,Jammu and Kashmir,34.589263,73.809038,34.064035,73.390075,35.115694,74.587447,992
Pulwama,Jammu and Kashmir,33.943215,75.03459,33.782657,74.712553,34.116618,75.234156,012
Punch,Jammu and Kashmir,33.796103,74.0093,33.410562,73.488091,34.155152,74.572671,005
Rajouri,Jammu and Kashmir,33.265257,74.338522,32.950963,73.997381,33.578747,74.691866,006
Ramban,Jammu and Kashmir,33.327072,75.197274,33.068171,75.009064,33.592796,75.377979,017
Reasi,Jammu and Kashmir,33.205449,74.86604,32.888345,74.520461,33.524157,75.092796,020
Samba,Jammu and Kashmir,32.575056,75.117156,32.408677,74.877063,32.742639,75.341531,022
Shopiyan,Jammu and Kashmir,33.728468,74.777954,33.623704,74.566268,33.819184,75.049945,013
Srinagar,Jammu and Kashmir,34.10859,74.905876,34.015868,74.68103,34.202919,75.152394,010
Udhampur,Jammu and Kashmir,32.898581,75.336906,32.633057,74.977541,33.19421,75.693206,019
Bokaro,Jharkhand,23.697565,85.995106,23.411739,85.582678,23.986857,86.487958,355
Chatra,Jharkhand,24.106444,84.866401,23.681533,84.447526,24.530489,85.379926,347
Deoghar,Jharkhand,24.321933,86.717766,24.04174,86.452767,24.618014,87.06651,350
Dhanbad,Jharkhand,23.839972,86.46824,23.630116,86.109897,24.059938,86.828245,354
Dumka,Jharkhand,24.318178,87.274852,23.981946,86.888295,24.652099,87.698334,362
East Singhbhum,Jharkhand,22.621276,86.38635,22.211241,86.066957,23.015713,86.887973,357
Garhwa,Jharkhand,24.056327,83.654087,23.569167,83.330132,24.536844,84.067205,346
Giridih,Jharkhand,24.333054,86.157008,23.884023,85.674368,24.779775,86.570608,349
Godda,Jharkhand,24.872354,87.306484,24.503625,87.051982,25.22635,87.521087,351
Gumla,Jharkhand,23.15841,84.463119,22.708945,84.037826,23.609029,85.012196,366
Hazaribagh,Jharkhand,24.085791,85.494768,23.655247,85.021236,24.522979,85.930067,360
Jamtara,Jharkhand,23.975736,86.927357,23.796788,86.466326,24.165372,87.29509,363
Khunti,Jharkhand,22.927467,85.281726,22.568271,84.943428,23.284641,85.654997,365
Koderma,Jharkhand,24.537277,85.69091,24.264739,85.327301,24.819348,85.901979,348
Latehar,Jharkhand,23.683411,84.498323,23.325081,83.962278,24.048673,84.96958,359
Lohardaga,Jharkhand,23.460989,84.686763,23.279153,84.387798,23.675178,84.944397,356
Pakur,Jharkhand,24.5328,87.596066,24.23672,87.390978,24.828014,87.916905,353
Palamu,Jharkhand,24.2165,84.173612,23.792744,83.811506,24.642855,84.589259,358
Ramgarh,Jharkhand,23.690054,85.520194,23.423293,85.204617,23.95826,85.885191,361
Ranchi,Jharkhand,23.29634,85.371298,22.884571,84.865944,23.717352,85.902625,364
Sahibganj,Jharkhand,25.029782,87.690422,24.715359,87.452965,25.349115,87.96049,352
Saraikela-Kharsawan,Jharkhand,22.824344,85.916834,22.485079,85.512618,23.166498,86.241621,369
Simdega,Jharkhand,22.583003,84.545487,22.342961,84.008769,22.836621,85.079027,367
West Singhbhum,Jharkhand,22.429907,85.536981,21.974666,84.984431,22.883416,86.044357,368
Bagalkote,Karnataka,16.289874,75.593841,15.812748,74.986705,16.767325,76.33244,556
Ballari,Karnataka,15.200765,76.707021,14.560476,75.664039,15.837475,77.167278,565
Belagavi,Karnataka,16.160059,74.886419,15.35856,74.088335,16.956679,75.457894,555
Bengaluru Rural,Karnataka,13.191078,77.339504,12.866378,77.18283,13.51415,77.965057,583
Bengaluru Urban,Karnataka,12.957151,77.55417,12.660432,77.331069,13.232397,77.83237,572
Bidar,Karnataka,18.016181,77.247312,17.583954,76.685831,18.454265,77.656005,558
Chamarajanagara,Karnataka,11.953446,77.104708,11.594585,76.40325,12.314259,77.776449,578
Chikkaballapura,Karnataka,13.585565,77.783652,13.219708,77.362173,13.95988,78.210247,582
Chikkamagaluru,Karnataka,13.400278,75.628849,12.912903,75.078693,13.899039,76.363874,570
Chitradurga,Karnataka,14.302636,76.532555,13.576292,76.025042,15.033535,77.022679,566
Dakshina Kannada,Karnataka,12.822131,75.226383,12.460016,74.776258,13.181317,75.670657,575
Davanagere,Karnataka,14.365429,75.891848,13.806315,75.399657,14.930724,76.532629,567
Dharwad,Karnataka,15.371574,75.136996,15.038741,74.727286,15.702455,75.554514,562
Gadag,Karnataka,15.425907,75.6782,14.945365,75.274249,15.886277,76.041586,561
Hassan,Karnataka,13.03068,76.17268,12.512723,75.554514,13.547336,76.633551,574
Haveri,Karnataka,14.72006,75.36604,14.277421,75.015162,15.161723,75.818565,564
Kalaburagi,Karnataka,17.239571,76.769355,16.71104,76.065079,17.770705,77.688763,579
Kodagu,Karnataka,12.378516,75.668347,11.931322,75.365906,12.833843,76.189164,576
Kolar,Karnataka,13.177088,78.26854,12.76064,77.839649,13.598416,78.585809,581
Koppal,Karnataka,15.57752,76.309855,15.138298,75.773564,16.010886,76.81157,560
Mandya,Karnataka,12.642863,76.725807,12.220558,76.33244,13.055407,77.330408,573
Mysuru,Karnataka,12.194368,76.611464,11.73839,75.908568,12.655551,77.134189,577
Raichur,Karnataka,16.055134,76.902423,15.547588,76.234165,16.561704,77.597768,559
Ramanagara,Karnataka,12.715741,77.319629,12.243658,77.068342,13.192054,77.634497,584
Shivamogga,Karnataka,14.047887,75.23328,13.456889,74.625372,14.655153,75.878788,568
Tumakuru,Karnataka,13.421425,76.881253,12.745673,76.346999,14.341841,77.51703,571
Udupi,Karnataka,13.538063,74.86976,13.071674,74.582687,13.986884,75.205755,569
Uttara Kannada,Karnataka,14.72429,74.642387,13.925718,74.085688,15.522861,75.102848,563
Vijayapura,Karnataka,16.816616,75.881279,16.152739,75.335795,17.477239,76.471083,557
Yadgir,Karnataka,16.577646,76.925373,16.195035,76.292402,16.953751,77.476661,580
Alappuzha,Kerala,9.489713,76.41326,9.086901,76.279354,9.889161,76.689902,598
Ernakulam,Kerala,10.029846,76.495459,9.751278,76.167787,10.302435,77.089036,595
Idukki,Kerala,9.811812,77.004642,9.27336,76.627675,10.357737,77.41232,596
Kannur,Kerala,11.983368,75.554311,11.674534,75.165534,12.290334,75.9395,589
Kasaragod,Kerala,12.434756,75.186291,12.089676,74.867656,12.795156,75.431746,588
Kollam,Kerala,8.988067,76.845582,8.760318,76.478184,9.173965,77.263933,600
Kottayam,Kerala,9.625353,76.645187,9.40078,76.365145,9.855905,76.984098,597
Kozhikode,Kerala,11.46771,75.877925,11.12263,75.536684,11.802701,76.14275,591
Malappuram,Kerala,11.105068,76.108813,10.685442,75.826093,11.527683,76.549984,592
Palakkad,Kerala,10.791189,76.475854,10.335691,76.027133,11.239587,76.906775,593
Pathanamthitta,Kerala,9.276537,76.976582,9.071208,76.473398,9.484108,77.288603,599
Thiruvananthapuram,Kerala,8.562649,77.060442,8.292489,76.681801,8.861955,77.283816,601
Thrissur,Kerala,10.477497,76.276826,10.174641,75.957174,10.781474,76.900515,594
Wayanad,Kerala,11.718626,76.124648,11.450708,75.772335,11.979818,76.443941,590
Kargil,Ladakh,33.800162,76.478963,32.863718,75.377094,34.734079,77.543238,004
Leh,Ladakh,34.705778,78.233219,32.337631,72.530394,37.076958,80.326347,003
Lakshadweep,Lakshadweep,10.807421,73.673881,8.264004,72.164852,11.703948,73.701814,587
Agar Malwa,Madhya Pradesh,23.944964,76.145269,23.541389,75.689975,24.329452,76.434669,724
Alirajpur,Madhya Pradesh,22.291043,74.356267,21.925932,74.034689,22.644009,74.74775,465
Anuppur,Madhya Pradesh,23.032546,81.753042,22.646322,81.126609,23.424842,82.199399,461
Ashoknagar,Madhya Pradesh,24.623999,77.876943,24.230546,77.474817,25.00762,78.278063,459
Balaghat,Madhya Pradesh,21.862453,80.31582,21.320352,79.510022,22.401951,81.044838,457
Barwani,Madhya Pradesh,21.753714,74.89228,21.368359,74.432105,22.133286,75.623683,441
Betul,Madhya Pradesh,21.884287,77.875449,21.357369,76.998994,22.401951,78.549289,447
Bhind,Madhya Pradesh,26.350653,78.686274,25.906446,78.210425,26.796306,79.137506,420
Bhopal,Madhya Pradesh,23.485284,77.393046,23.0726,77.167585,23.895077,77.648119,444
Burhanpur,Madhya Pradesh,21.340596,76.370724,21.069907,75.948077,21.598849,76.79305,467
Chhatarpur,Madhya Pradesh,24.774671,79.681438,24.101564,78.985741,25.424064,80.431046,425
Chhindwara,Madhya Pradesh,22.14818,78.807171,21.462059,78.245085,22.816949,79.406377,455
Damoh,Madhya Pradesh,23.801666,79.541628,23.150683,79.056408,24.445131,79.955559,428
Datia,Madhya Pradesh,25.925677,78.663386,25.053602,78.216482,26.289343,78.894884,422
Dewas,Madhya Pradesh,22.80567,76.294051,22.289742,75.896928,23.321599,77.132588,437
Dhar,Madhya Pradesh,22.580096,75.227879,22.023391,74.47114,23.135355,75.71353,438
Dindori,Madhya Pradesh,22.907468,80.882099,22.440992,80.478157,23.374232,81.740738,453
Guna,Madhya Pradesh,24.502826,77.260413,23.884377,76.800117,25.11578,77.735611,458
Gwalior,Madhya Pradesh,26.02198,78.153585,25.708635,77.667636,26.348339,78.652261,421
Harda,Madhya Pradesh,22.24188,77.118373,21.906555,76.780936,22.579229,77.51015,448
Hoshangabad,Madhya Pradesh,22.597303,77.927558,22.217153,77.21335,22.986129,78.698699,449
Indore,Madhya Pradesh,22.719489,75.804604,22.331965,75.423123,23.085903,76.247233,439
Jabalpur,Madhya Pradesh,23.226019,79.985491,22.833144,79.346815,23.614266,80.582475,451
Jhabua,Madhya Pradesh,22.879705,74.727007,22.529776,74.320048,23.243804,75.015275,464
Katni,Madhya Pradesh,23.718233,80.259246,23.305114,79.815235,24.131351,80.957345,450
Khandwa,Madhya Pradesh,21.97683,76.567786,21.541588,76.012687,22.411783,77.221089,466
Khargone,Madhya Pradesh,21.951381,75.748681,21.368648,75.207758,22.53903,76.234782,440
Mandla,Madhya Pradesh,22.69404,80.581813,22.202115,79.951521,23.172373,81.193911,454
Mandsaur,Madhya Pradesh,24.255706,75.38264,23.764649,74.879662,24.761802,75.92082,433
Morena,Madhya Pradesh,26.384344,77.859331,25.898348,77.119464,26.869184,78.545251,419
Narsinghpur,Madhya Pradesh,22.927856,79.087538,22.616246,78.446991,23.251324,79.643279,452
Neemuch,Madhya Pradesh,24.627325,75.182249,24.211459,74.697611,25.046372,75.60854,432
Niwari,Madhya Pradesh,25.311277,78.670462,25.071243,78.435213,25.555938,78.989443,782
Panna,Madhya Pradesh,24.449758,80.144874,23.821332,79.735146,25.12648,80.678716,426
Raisen,Madhya Pradesh,23.265928,78.175487,22.789764,77.338867,23.744116,78.816141,446
Rajgarh,Madhya Pradesh,23.87599,76.776616,23.456943,76.190363,24.282313,77.226137,442
Ratlam,Madhya Pradesh,23.49931,74.952102,23.085613,74.514213,23.919081,75.690311,434
Rewa,Madhya Pradesh,24.756163,81.653144,24.3228,81.045174,25.192128,82.305063,430
Sagar,Madhya Pradesh,23.802245,78.757838,23.165432,78.059669,24.450626,79.351189,427
Satna,Madhya Pradesh,24.576137,80.80846,23.967377,80.344563,25.187211,81.38875,429
Sehore,Madhya Pradesh,23.117714,77.073003,22.555514,76.430294,23.67413,78.034767,445
Seoni,Madhya Pradesh,22.277885,79.716841,21.595957,79.195049,22.955185,80.289376,456
Shahdol,Madhya Pradesh,23.628582,81.428749,23.024304,80.998736,24.282023,81.985716,460
Shajapur,Madhya Pradesh,23.366858,76.620484,23.107592,76.120706,23.632775,77.049806,436
Sheopur,Madhya Pradesh,25.751147,76.920886,25.283225,76.473031,26.217333,77.669655,418
Shivpuri,Madhya Pradesh,25.373599,77.830649,24.836126,77.010771,25.913097,78.468527,423
Sidhi,Madhya Pradesh,24.206543,81.699627,23.808029,81.305295,24.616336,82.379431,462
Singrauli,Madhya Pradesh,24.246018,82.38397,23.783736,81.878033,24.702517,82.812181,463
Tikamgarh,Madhya Pradesh,24.834969,79.04942,24.436455,78.631734,25.273103,79.345132,424
Ujjain,Madhya Pradesh,23.293691,75.613962,22.832566,75.134735,23.75713,76.252617,435
Umaria,Madhya Pradesh,23.642752,80.946581,23.194352,80.528633,24.091731,81.35308,431
Vidisha,Madhya Pradesh,23.845335,77.835447,23.344734,77.259788,24.348828,78.2996,443
Ahmednagar,Maharashtra,19.164094,74.857663,18.32946,73.616206,19.995462,75.584151,522
Akola,Maharashtra,20.756951,77.190113,20.274653,76.691099,21.24676,77.61976,501
Amravati,Maharashtra,21.161697,77.638479,20.54013,76.621288,21.769875,78.447464,503
Aurangabad,Maharashtra,20.021586,75.15215,19.378304,74.591766,20.665194,76.042396,515
Beed,Maharashtra,18.994457,75.908748,18.541384,74.808358,19.442958,76.733701,523
Bhandara,Maharashtra,21.128879,79.791745,20.64201,79.4488,21.603667,80.102157,506
Buldhana,Maharashtra,20.56413,76.40947,19.841336,75.922823,21.289537,76.823202,500
Chandrapur,Maharashtra,20.098975,79.503534,19.458959,78.799024,20.734747,79.989744,509
Dhule,Maharashtra,21.131982,74.482874,20.627642,73.85034,21.634035,75.206458,498
Gadchiroli,Maharashtra,19.761497,80.155987,18.680816,79.736993,20.834668,80.898357,508
Gondia,Maharashtra,21.134594,80.262876,20.655398,79.796064,21.635994,80.681407,507
Hingoli,Maharashtra,19.548594,77.175796,19.070377,76.512097,20.017341,77.487657,512
Jalgaon,Maharashtra,20.838913,75.524684,20.270082,74.762533,21.414928,76.398252,499
Jalna,Maharashtra,19.91595,75.869414,19.274464,75.584868,20.560701,76.536799,514
Kolhapur,Maharashtra,16.458555,74.100441,15.741639,73.686016,17.182002,74.698809,530
Latur,Maharashtra,18.3564,76.754574,17.870673,76.202066,18.836575,77.296841,524
Mumbai,Maharashtra,19.069888,72.896764,18.863678,72.776329,19.268587,72.980033,519
Nagpur,Maharashtra,21.147492,79.014065,20.583233,78.24913,21.722201,79.65501,505
Nanded,Maharashtra,19.091602,77.481768,18.263173,76.929529,19.924603,78.364765,511
Nandurbar,Maharashtra,21.516481,74.539625,20.99957,73.577183,22.033719,74.775063,497
Nashik,Maharashtra,20.223223,74.106761,19.584023,73.248894,20.863077,74.934733,516
Osmanabad,Maharashtra,18.167007,76.116838,17.641116,75.285934,18.697143,76.790624,525
Palghar,Maharashtra,19.755783,73.092594,19.287526,72.654608,20.234162,73.503435,732
Parbhani,Maharashtra,19.288505,76.60327,18.749716,76.207794,19.83056,77.120703,513
Pune,Maharashtra,18.648162,73.930145,17.895164,73.323001,19.394304,75.164571,521
Raigad,Maharashtra,18.487995,73.140292,17.851081,72.832178,19.130461,73.66561,520
Ratnagiri,Maharashtra,17.285515,73.465011,16.493985,73.028722,18.071495,73.863228,528
Sangli,Maharashtra,17.171063,74.584632,16.715378,73.692818,17.626748,75.676874,531
Satara,Maharashtra,17.643239,74.297554,17.090571,73.534223,18.181538,74.906451,527
Sindhudurg,Maharashtra,16.132832,73.652902,15.606125,73.310471,16.664764,74.20906,529
Solapur,Maharashtra,17.848958,75.276616,17.146083,74.60716,18.553466,76.428682,526
Thane,Maharashtra,19.351201,73.370273,18.98711,72.784205,19.731945,73.794849,517
Wardha,Maharashtra,20.824708,78.614192,20.293919,78.052944,21.355824,79.220752,504
Washim,Maharashtra,20.288368,77.235921,19.847214,76.606968,20.727236,77.690287,502
Yavatmal,Maharashtra,20.055872,78.356578,19.429897,77.284669,20.697195,79.148435,510
Bishnupur,Manipur,24.51654,93.803489,24.272588,93.697813,24.740245,93.887386,275
Chandel,Manipur,24.176574,94.013856,23.833016,93.740569,24.502498,94.254586,280
Churachandpur,Manipur,24.285161,93.676374,23.942419,93.350105,24.621045,93.879212,274
Imphal East,Manipur,24.852261,94.00903,24.65109,93.896818,25.053432,94.134492,278
Imphal West,Manipur,24.758207,93.861137,24.526338,93.769807,24.98681,93.946176,277
Jiribam,Manipur,24.683094,93.147073,24.536135,93.071247,24.819277,93.232211,766
Kakching,Manipur,24.39587,93.878948,24.199108,93.837714,24.577937,94.047722,768
Kamjong,Manipur,24.798702,94.384363,24.481597,94.13292,25.115481,94.744081,770
Kangpokpi,Manipur,25.008201,93.905488,24.61582,93.708188,25.395357,94.214031,767
Noney,Manipur,24.664806,93.508019,24.494986,93.171535,24.835605,93.757546,771
Pherzawl,Manipur,24.31243,93.25449,24.021124,92.972845,24.578263,93.491263,772
Senapati,Manipur,25.393398,94.159846,25.170346,93.758489,25.615143,94.488802,272
Tamenglong,Manipur,25.066005,93.554761,24.658928,93.175622,25.462959,93.955607,273
Tengnoupal,Manipur,24.357334,94.256957,24.114198,94.01314,24.633128,94.407062,769
Thoubal,Manipur,24.622514,94.008722,24.515561,93.888644,24.730121,94.141722,276
Ukhrul,Manipur,25.294772,94.465481,24.927047,94.117515,25.691562,94.739365,279
East Garo Hills,Meghalaya,25.619062,90.638695,25.416121,90.318062,25.819697,90.983711,294
East Jaintia Hills,Meghalaya,25.252549,92.486454,25.030005,92.171429,25.472127,92.801512,714
East Khasi Hills,Meghalaya,25.40459,91.826765,25.124228,91.354296,25.673751,92.138058,298
North Garo Hills,Meghalaya,25.857914,90.70089,25.716909,90.339138,26.00979,91.026302,712
Ribhoi,Meghalaya,25.882622,91.834464,25.641135,91.335855,26.119497,92.273296,297
South Garo Hills,Meghalaya,25.35056,90.567292,25.143666,90.229368,25.552184,90.96966,295
South West Garo Hills,Meghalaya,25.424357,89.993618,25.287306,89.815752,25.607202,90.17097,711
South West Khasi Hills,Meghalaya,25.323875,91.319811,25.167716,90.839253,25.481682,91.555835,713
West Garo Hills,Meghalaya,25.597648,90.220516,25.203955,89.894787,26.009131,90.43398,293
West Jaintia Hills,Meghalaya,25.438029,92.292766,25.122251,91.984819,25.754466,92.661445,299
West Khasi Hills,Meghalaya,25.586117,91.295032,25.307402,90.747924,25.861538,91.828505,296
Aizawl,Mizoram,23.843867,92.910984,23.272839,92.623015,24.40995,93.207224,261
Champhai,Mizoram,23.196356,93.253619,23.001027,93.012769,24.082918,93.442633,262
Hnahthial,Mizoram,22.971851,93.013981,22.753528,92.852573,23.189845,93.165004,994
Khawzawl,Mizoram,23.539088,93.167005,23.307866,93.040816,23.771134,93.402342,996
Kolasib,Mizoram,24.236297,92.713113,23.953688,92.529286,24.518164,92.902574,263
Lawngtlai,Mizoram,22.36971,92.734039,21.97897,92.509262,22.760533,92.966749,264
Lunglei,Mizoram,22.952318,92.631047,22.497457,92.346412,23.404542,92.955169,265
Mamit,Mizoram,23.755845,92.449356,23.26163,92.256724,24.251379,92.675248,266
Saiha,Mizoram,22.374903,93.075879,21.94419,92.824648,22.806357,93.205777,267
Serchhip,Mizoram,23.265669,92.852846,23.003252,92.684175,23.522646,93.196609,268
Dimapur,Nagaland,25.815576,93.907081,25.649629,93.512743,25.992342,94.017355,265
Kiphire,Nagaland,25.812784,94.845943,25.586111,94.569671,26.041202,95.049901,269
Kohima,Nagaland,25.744032,94.116808,25.519453,93.914171,26.018517,94.296163,270
Longleng,Nagaland,26.58895,94.808267,26.380076,94.668968,26.797126,94.91562,268
Mokokchung,Nagaland,26.469943,94.507615,26.193015,94.290156,26.762575,94.756604,262
Mon,Nagaland,26.670441,95.004541,26.293525,94.779573,27.035839,95.242487,261
Peren,Nagaland,25.440755,93.614003,25.199075,93.328991,25.675105,93.939967,271
Phek,Nagaland,25.646837,94.374707,25.445466,94.185912,25.853442,94.898305,266
Tuensang,Nagaland,26.178357,94.907715,25.881711,94.559777,26.46209,95.185595,267
Wokha,Nagaland,26.266653,94.216106,25.969308,93.953042,26.560856,94.390513,264
Zunheboto,Nagaland,26.013805,94.512492,25.731991,94.214535,26.290733,94.712786,263
Angul,Odisha,21.113336,84.959451,20.528133,84.266521,21.675392,85.393697,384
Balangir,Odisha,20.617951,83.173115,20.147344,82.684493,21.070954,83.678507,393
Balasore,Odisha,21.52037,86.895942,21.060521,86.352973,21.979241,87.484854,377
Bargarh,Odisha,21.221737,83.560917,20.722114,82.635643,21.74353,83.910456,370
Bhadrak,Odisha,20.991894,86.599414,20.735155,86.275536,21.236571,86.977534,378
Boudh,Odisha,20.638164,83.999036,20.384033,83.570313,20.895882,84.790124,391
Cuttack,Odisha,20.370666,85.465945,20.037475,84.848382,20.702553,86.280241,381
Deogarh,Odisha,21.44506,84.714347,21.133223,84.394617,21.761135,85.211684,373
Dhenkanal,Odisha,20.836709,85.59835,20.484447,85.113622,21.185712,86.030561,383
Gajapati,Odisha,19.197326,84.190549,18.758505,83.793215,19.636799,84.439487,389
Ganjam,Odisha,19.617075,84.703015,18.938793,84.130463,20.278729,85.182736,388
Jagatsinghpur,Odisha,20.177174,86.34398,19.960535,86.011021,20.401964,86.784304,380
Jajpur,Odisha,20.87518,86.117043,20.580948,85.681371,21.169085,86.624726,382
Jharsuguda,Odisha,21.800094,83.972516,21.563241,83.417972,22.037924,84.392446,371
Kalahandi,Odisha,19.813827,83.037261,19.195044,82.524553,20.453801,83.789958,395
Kandhamal,Odisha,20.132836,84.081126,19.573225,83.495047,20.688534,84.587124,390
Kendrapara,Odisha,20.548672,86.535138,20.296986,86.248035,20.796446,87.055695,379
Kendujhar,Odisha,21.588671,85.670272,21.015531,85.184545,22.163115,86.372152,375
Khordha,Odisha,20.052472,85.502938,19.672335,84.934866,20.433914,86.081221,386
Koraput,Odisha,18.726556,82.604342,18.237528,82.08888,19.211345,83.412906,398
Malkangiri,Odisha,18.27828,81.954708,17.812726,81.389054,18.738292,82.4283,399
Mayurbhanj,Odisha,21.932131,86.401508,21.264609,85.664364,22.566726,87.1856,376
Nabarangapur,Odisha,19.604849,82.293494,19.118104,81.844991,20.105287,82.856374,397
Nayagarh,Odisha,20.249713,85.035077,19.897288,84.483271,20.603443,85.454851,385
Nuapada,Odisha,20.545086,82.527339,19.988899,82.332047,21.088559,82.861802,394
Puri,Odisha,19.840886,85.705081,19.467269,85.134971,20.203745,86.411232,387
Rayagada,Odisha,19.441677,83.586193,18.910756,82.870124,19.971946,84.033848,396
Sambalpur,Odisha,21.553298,84.15208,20.922289,83.799728,22.189849,84.770222,372
Subarnapur,Odisha,20.859205,83.857882,20.530741,83.446558,21.175606,84.279185,392
Sundargarh,Odisha,22.061071,83.934472,21.590953,83.537022,22.53119,85.378137,374
Karaikal,Puducherry,10.918026,79.80181,10.827445,79.719159,11.003728,79.851476,637
Mahe,Puducherry,11.732409,75.542571,11.698679,75.526636,11.762532,75.555562,636
Puducherry,Puducherry,11.80061,79.758963,11.77526,79.59935,12.051882,79.873757,635
Yanam,Puducherry,16.72424,82.226388,16.694647,82.18628,16.757439,82.310389,634
Amritsar,Punjab,31.77169,74.829451,31.491168,74.48817,32.05464,75.404219,049
Barnala,Punjab,30.364765,75.503297,30.13765,75.25376,30.605636,75.728809,054
Bathinda,Punjab,30.181077,75.046169,29.775668,74.629225,30.581899,75.376981,046
Faridkot,Punjab,30.604152,74.794311,30.366383,74.471632,30.836257,75.054013,045
Fatehgarh Sahib,Punjab,30.658369,76.380475,30.443796,76.075773,30.877526,76.634482,040
Fazilka,Punjab,30.314459,74.121621,29.947218,73.879848,30.691141,74.461256,701
Ferozepur,Punjab,30.884809,74.655598,30.608333,74.216111,31.160746,75.149022,043
Gurdaspur,Punjab,31.912086,75.223019,31.593667,74.890583,32.209196,75.600724,035
Hoshiarpur,Punjab,31.609446,75.843873,31.134312,75.474261,32.082152,76.347831,038
Jalandhar,Punjab,31.298984,75.567611,30.966268,75.077036,31.617943,75.952552,037
Kapurthala,Punjab,31.390288,75.304508,31.121634,74.959976,31.650041,75.910073,036
Ludhiana,Punjab,30.795797,75.833091,30.560591,75.356877,31.018327,76.323836,041
Mansa,Punjab,29.873716,75.48829,29.54208,75.168478,30.208589,75.775503,047
Moga,Punjab,30.793235,75.160912,30.486684,74.903878,31.091694,75.41946,042
Pathankot,Punjab,32.30158,75.660784,32.093211,75.320883,32.510758,75.932123,773
Patiala,Punjab,30.214793,76.345087,29.792392,75.983357,30.628024,76.787859,048
Rupnagar,Punjab,31.087109,76.527728,30.745627,76.288166,31.435603,76.735328,051
S.A.S. Nagar,Punjab,30.654592,76.739415,30.362067,76.521962,30.939565,76.937994,052
Sangrur,Punjab,30.212366,75.823821,29.727117,75.555327,30.69222,76.203858,053
Shahid Bhagat Singh Nagar,Punjab,31.125276,76.161922,30.968966,75.788149,31.284283,76.518395,039
Sri Muktsar Sahib,Punjab,30.297871,74.52002,29.90568,74.243998,30.668753,74.821839,044
Tarn Taran,Punjab,31.327575,74.844244,31.072004,74.51022,31.570739,75.290402,050
Ajmer,Rajasthan,26.341303,74.715799,25.649982,73.906656,26.978845,75.350483,119
Alwar,Rajasthan,27.635643,76.613022,27.054483,76.115919,28.221314,77.20884,104
Banswara,Rajasthan,23.491361,74.35084,23.059221,73.95935,23.925237,74.77709,125
Baran,Rajasthan,24.917893,76.690808,24.403349,76.196326,25.431397,77.426644,128
Barmer,Rajasthan,25.581804,71.616987,24.650039,70.082992,26.512529,72.849254,115
Bharatpur,Rajasthan,27.272374,77.37129,26.706133,76.879402,27.824737,77.763107,105
Bhilwara,Rajasthan,25.48691,74.701346,25.015043,74.011654,25.962942,75.459385,122
Bikaner,Rajasthan,28.105602,73.106081,27.185287,71.870699,29.049511,74.358267,101
Bundi,Rajasthan,25.449785,75.747343,25.014349,75.261879,25.881059,76.356361,121
Chittorgarh,Rajasthan,24.721166,74.462258,24.217725,74.104162,25.215586,75.813023,126
Churu,Rajasthan,28.206742,74.691374,27.415323,73.857474,28.999896,75.670943,102
Dausa,Rajasthan,26.806579,76.446593,26.379989,76.143632,27.23178,77.097596,109
Dholpur,Rajasthan,26.648711,77.625051,26.3616,77.227966,26.949006,78.270926,106
Dungarpur,Rajasthan,23.665189,73.814637,23.335402,73.351998,24.010936,74.376222,124
Ganganagar,Rajasthan,29.466039,73.585395,28.724755,72.661506,30.197954,74.298156,099
Hanumangarh,Rajasthan,29.367502,74.296996,28.776453,73.831322,29.955428,75.527302,100
Jaipur,Rajasthan,27.156142,75.744506,26.440014,74.913705,27.860474,76.286492,110
Jaisalmer,Rajasthan,27.031583,70.781961,26.017761,69.484227,28.036731,72.337533,114
Jalore,Rajasthan,25.211249,72.321113,24.609098,71.187623,25.809932,73.091258,116
Jhalawar,Rajasthan,24.315048,76.521035,23.746898,75.462117,24.870707,76.94732,129
Jhunjhunu,Rajasthan,28.077846,75.543622,27.641541,75.024949,28.519007,76.094841,103
Jodhpur,Rajasthan,26.744472,72.872432,25.852955,71.809027,27.620377,73.870355,113
Karauli,Rajasthan,26.516172,77.059393,26.031987,76.472679,26.999663,77.395027,107
Kota,Rajasthan,25.19633,76.000348,24.541093,75.53667,25.848791,76.594072,127
Nagaur,Rajasthan,27.066453,74.173507,26.410175,73.085013,27.707811,75.363364,112
Pali,Rajasthan,25.615113,73.409978,24.748923,72.778995,26.461525,74.3973,118
Pratapgarh,Rajasthan,24.014406,74.617754,23.532476,74.216577,24.509173,74.982403,131
Rajsamand,Rajasthan,25.288622,73.823352,24.71388,73.471829,26.018802,74.387932,123
Sawai Madhopur,Rajasthan,26.22802,76.305714,25.741233,75.979694,26.717236,76.981278,108
Sikar,Rajasthan,27.658369,75.034448,27.121446,74.681459,28.203272,76.089767,111
Sirohi,Rajasthan,24.810162,72.829853,24.33708,72.246586,25.283938,73.171276,117
Tonk,Rajasthan,26.122197,75.663615,25.680168,75.111211,26.564226,76.316938,120
Udaipur,Rajasthan,24.453485,73.652067,23.802759,73.000312,25.103865,74.430868,130
East Sikkim,Sikkim,27.293258,88.677234,27.136475,88.438294,27.420554,88.919103,244
North Sikkim,Sikkim,27.755695,88.518859,27.375964,88.114673,28.128233,88.887897,241
South Sikkim,Sikkim,27.2911,88.367787,27.071389,88.264155,27.525915,88.531913,243
West Sikkim,Sikkim,27.356726,88.189002,27.109865,88.014119,27.61833,88.357774,242
Ariyalur,Tamil Nadu,11.175296,79.279374,10.886719,78.941994,11.418307,79.510413,616
Chengalpattu,Tamil Nadu,12.628866,80.038373,12.229472,79.640421,13.036136,80.254896,0
Chennai,Tamil Nadu,13.003228,80.204214,12.857252,80.127803,13.143016,80.300952,603
Coimbatore,Tamil Nadu,10.811059,77.080534,10.222375,76.658991,11.402557,77.294454,632
Cuddalore,Tamil Nadu,11.514781,79.338871,11.150544,78.877282,11.881267,79.812987,617
Dharmapuri,Tamil Nadu,12.152405,78.131308,11.792388,77.675732,12.50736,78.733865,630
Dindigul,Tamil Nadu,10.42826,77.816512,10.026053,77.267636,10.811341,78.338013,612
Erode,Tamil Nadu,11.495655,77.359411,11.024538,76.834472,11.952146,77.932832,610
Kallakurichi,Tamil Nadu,11.789857,79.039256,11.505499,78.626595,12.080964,79.462608,729
Kancheepuram,Tamil Nadu,12.782998,79.770259,12.532111,79.559384,13.046824,80.105067,604
Kanyakumari,Tamil Nadu,8.324408,77.339259,8.076333,77.097985,8.57867,77.589449,629
Karur,Tamil Nadu,10.824279,78.224556,10.546953,77.750938,11.096542,78.578789,613
Krishnagiri,Tamil Nadu,12.542518,78.001457,12.139467,77.471101,12.891004,78.671485,631
Madurai,Tamil Nadu,9.94308,78.029782,9.563093,77.464105,10.310129,78.457526,623
Nagapattinam,Tamil Nadu,11.196109,79.698714,10.271877,79.471935,11.423933,79.882363,618
Namakkal,Tamil Nadu,11.295395,78.120266,11.013288,77.682728,11.597191,78.486093,609
Nilgiris,Tamil Nadu,11.446152,76.69024,11.185421,76.233405,11.705196,77.012868,611
Perambalur,Tamil Nadu,11.282176,78.921995,11.058853,78.65108,11.522937,79.168196,615
Pudukkottai,Tamil Nadu,10.298878,78.820239,9.850544,78.452862,10.734837,79.251564,621
Ramanathapuram,Tamil Nadu,9.51584,78.646647,9.093945,78.218499,9.943924,79.346592,626
Ranipet,Tamil Nadu,12.908442,79.392235,12.628303,79.178107,13.199268,79.789667,0
Salem,Tamil Nadu,11.630661,78.268956,11.315365,77.66174,11.979147,78.842885,608
Sivaganga,Tamil Nadu,9.960518,78.708154,9.520341,78.12522,10.409696,78.998545,622
Tenkasi,Tamil Nadu,9.080726,77.473953,8.740678,77.149288,9.420211,77.859375,0
Thanjavur,Tamil Nadu,10.654395,79.199676,10.13687,78.852213,11.183734,79.552972,620
Theni,Tamil Nadu,9.877264,77.427117,9.519216,77.167944,10.211124,77.724703,624
Thiruvallur,Tamil Nadu,13.251583,80.057717,12.945006,79.284211,13.562661,80.346426,602
Thiruvarur,Tamil Nadu,10.68871,79.495154,10.359069,79.271969,11.015538,79.759351,619
Thoothukkudi,Tamil Nadu,8.842495,77.995762,8.324408,77.673983,9.368458,78.385235,627
Tiruchirappalli,Tamil Nadu,10.85803,78.734923,10.300566,78.164864,11.407619,79.012536,614
Tirunelveli,Tamil Nadu,8.601171,77.521467,8.139899,77.179021,9.068631,77.970727,628
Tirupathur,Tamil Nadu,12.586114,78.627123,12.25816,78.407389,12.894941,78.912844,0
Tiruppur,Tamil Nadu,10.791371,77.529438,10.2325,77.041435,11.351929,77.878031,633
Tiruvannamalai,Tamil Nadu,12.431981,79.000028,11.98421,78.630675,12.874128,79.755853,606
Vellore,Tamil Nadu,12.906473,78.906347,12.633366,78.602692,13.157079,79.293539,605
Viluppuram,Tamil Nadu,12.103465,79.589576,11.782825,79.171111,12.450545,80.007707,607
Virudhunagar,Tamil Nadu,9.477589,77.857378,9.20195,77.339344,9.786416,78.429543,625
Adilabad,Telangana,19.54586,78.613349,19.175983,78.171974,19.914691,78.974476,532
Bhadradri Kothagudem,Telangana,17.718089,80.568065,17.190291,80.20201,18.239612,81.321098,753
Hyderabad,Telangana,17.392311,78.459198,17.302195,78.369461,17.483125,78.549063,536
Jagtial,Telangana,18.807326,78.925732,18.549876,78.514055,19.075583,79.301717,737
Jangaon,Telangana,17.721749,79.280633,17.450704,78.86641,17.997327,79.572642,752
Jayashankar Bhupalapally,Telangana,18.503511,79.958998,18.132588,79.559704,18.868159,80.34318,750
Jogulamba Gadwal,Telangana,16.096173,77.738042,15.836283,77.48629,16.363384,78.251502,744
Kamareddy,Telangana,18.308811,78.051415,18.059728,77.520156,18.556849,78.568849,736
Karimnagar,Telangana,18.403111,79.220514,18.130148,78.922726,18.675376,79.580633,534
Khammam,Telangana,17.167282,80.40612,16.768122,79.801711,17.572369,80.923843,541
Komaram Bheem,Telangana,19.319262,79.4085,19.029915,78.809714,19.616628,79.979791,733
Mahabubabad,Telangana,17.724887,80.055755,17.323809,79.510999,18.116203,80.276971,751
Mahabubnagar,Telangana,16.697354,77.94978,16.387787,77.674264,17.012847,78.370222,538
Mancherial,Telangana,18.981458,79.522531,18.672936,78.877445,19.292071,79.961145,735
Medak,Telangana,17.949393,78.169132,17.68009,77.794886,18.216952,78.589777,535
Medchal Malkajgiri,Telangana,17.536811,78.528887,17.36111,78.347771,17.70763,78.760628,742
Mulugu,Telangana,18.292252,80.324757,17.943292,79.814648,18.6318,80.794088,780
Nagarkurnool,Telangana,16.418639,78.650483,16.001176,78.100057,16.832267,79.233986,746
Nalgonda,Telangana,16.859458,79.21793,16.356063,78.662075,17.360065,79.699733,539
Narayanpet,Telangana,16.690905,77.613716,16.340724,77.235913,17.040388,77.799072,781
Nirmal,Telangana,19.091096,78.395469,18.843407,77.761782,19.342619,78.952787,734
Nizamabad,Telangana,18.726448,78.192743,18.436229,77.729819,19.016319,78.670066,533
Peddapalli,Telangana,18.615938,79.493175,18.386029,79.110319,18.854214,79.83063,738
Rajanna Sircilla,Telangana,18.429257,78.763727,18.215209,78.521285,18.640864,79.024703,739
Ranga Reddy,Telangana,17.139742,78.396105,16.746159,77.922739,17.522518,78.841296,537
Sangareddy,Telangana,17.848121,77.830767,17.428393,77.443292,18.285977,78.450129,740
Siddipet,Telangana,18.017721,78.906099,17.667889,78.499215,18.343847,79.301336,741
Suryapet,Telangana,17.081001,79.79235,16.634604,79.362979,17.528793,80.073397,748
Vikarabad,Telangana,17.265765,77.744687,16.902338,77.363765,17.638605,78.071519,743
Wanaparthy,Telangana,16.277625,77.990825,15.944004,77.660946,16.623448,78.314286,745
Warangal Rural,Telangana,17.943118,79.815676,17.618386,79.480938,18.284583,79.99425,749
Warangal Urban,Telangana,18.019289,79.461446,17.787114,79.229039,18.267152,79.671575,540
Yadadri Bhuvanagiri,Telangana,17.43519,79.085036,17.044222,78.676534,17.825113,79.453541,747
Dhalai,Tripura,23.834912,91.968649,23.408385,91.743209,24.245012,92.175572,291
Gomati,Tripura,23.516569,91.589191,23.262936,91.375242,23.768599,91.843174,709
Khowai,Tripura,23.955718,91.637268,23.683654,91.469993,24.231789,91.784299,708
North Tripura,Tripura,24.07372,92.237584,23.6516,92.062728,24.527494,92.331958,292
Sipahijala,Tripura,23.537004,91.305582,23.277361,91.153541,23.789835,91.570571,707
South Tripura,Tripura,23.174586,91.648424,22.939184,91.309927,23.407183,91.835201,290
Unokoti,Tripura,24.19713,92.030849,23.989777,91.910022,24.395268,92.203783,710
West Tripura,Tripura,23.916051,91.383937,23.721719,91.219469,24.109581,91.564132,289
Agra,Uttar Pradesh,27.074826,77.918163,26.741824,77.397837,27.408364,78.853413,146
Aligarh,Uttar Pradesh,27.884082,78.13979,27.572118,77.475542,28.178893,78.607864,143
Ambedkar Nagar,Uttar Pradesh,26.404801,82.608716,26.156758,82.221785,26.652309,83.13218,178
Amethi,Uttar Pradesh,26.303628,81.622141,25.92761,81.307348,26.666245,82.070415,706
Amroha,Uttar Pradesh,28.765164,78.282016,28.436718,78.049629,29.082354,78.670029,137
Auraiya,Uttar Pradesh,26.645072,79.502989,26.364466,79.205263,26.946315,79.755417,162
Ayodhya,Uttar Pradesh,26.63462,82.059358,26.407616,81.544505,26.868057,82.476037,177
Azamgarh,Uttar Pradesh,26.008147,83.024992,25.636015,82.665638,26.411368,83.468178,191
Baghpat,Uttar Pradesh,29.043627,77.307676,28.776555,77.131463,29.297298,77.504449,139
Bahraich,Uttar Pradesh,27.732254,81.481029,27.059148,81.039731,28.413938,81.990534,180
Ballia,Uttar Pradesh,25.87374,84.120009,25.557488,83.67705,26.1916,84.634691,193
Balrampur,Uttar Pradesh,27.456472,82.392341,27.054859,82.021616,27.843612,82.76479,182
Banda,Uttar Pradesh,25.450954,80.563419,24.976175,80.103848,25.913673,81.036312,170
Barabanki,Uttar Pradesh,26.945109,81.388105,26.525272,80.927214,27.359319,81.761147,176
Bareilly,Uttar Pradesh,28.456953,79.405134,28.015407,78.971525,28.901179,79.791472,150
Basti,Uttar Pradesh,26.842328,82.53546,26.554753,82.228934,27.123202,82.977702,185
Bhadohi,Uttar Pradesh,25.362779,82.504519,25.18281,82.198162,25.536583,82.709463,198
Bijnor,Uttar Pradesh,29.416428,78.477546,29.017496,77.985911,29.797405,78.943241,134
Budaun,Uttar Pradesh,28.066999,79.043213,27.65815,78.57212,28.472364,79.509868,149
Bulandshahr,Uttar Pradesh,28.384724,77.972309,28.059628,77.622872,28.715181,78.478563,142
Chandauli,Uttar Pradesh,25.127868,83.250238,24.719153,83.009095,25.535243,83.553033,196
Chitrakoot,Uttar Pradesh,25.216848,81.105021,24.887463,80.685084,25.546232,81.562222,171
Deoria,Uttar Pradesh,26.424902,83.764246,26.090024,83.476881,26.758976,84.186176,190
Etah,Uttar Pradesh,27.55376,78.602082,27.325549,78.173958,27.784918,79.27582,201
Etawah,Uttar Pradesh,26.719043,79.092948,26.425036,78.739031,27.006082,79.349795,161
Farrukhabad,Uttar Pradesh,27.439588,79.493815,27.156703,79.120409,27.713896,79.735524,159
Fatehpur,Uttar Pradesh,25.833538,80.892254,25.438492,80.213879,26.230997,81.33843,172
Firozabad,Uttar Pradesh,27.199719,78.462341,26.879849,78.194161,27.510476,78.820155,147
Gautam Buddha Nagar,Uttar Pradesh,28.361676,77.60139,28.085089,77.297131,28.654342,77.737875,141
Ghaziabad,Uttar Pradesh,28.768649,77.45742,28.608781,77.201398,28.927176,77.709591,140
Ghazipur,Uttar Pradesh,25.607204,83.505216,25.306095,83.064111,25.900005,83.962074,195
Gonda,Uttar Pradesh,27.106451,81.922511,26.781221,81.515288,27.434897,82.61373,183
Gorakhpur,Uttar Pradesh,26.669595,83.366623,26.218669,83.06784,27.11543,83.671145,188
Hamirpur,Uttar Pradesh,25.81786,79.864793,25.477353,79.35539,26.162654,80.351572,168
Hapur,Uttar Pradesh,28.708078,77.772149,28.549551,77.545788,28.880007,78.210635,705
Hardoi,Uttar Pradesh,27.334662,80.10196,26.889765,79.685171,27.783578,80.826818,155
Hathras,Uttar Pradesh,27.57185,78.111897,27.29714,77.873704,27.847365,78.527362,144
Jalaun,Uttar Pradesh,26.105166,79.397649,25.766536,78.930497,26.442457,79.954343,165
Jaunpur,Uttar Pradesh,25.796017,82.492113,25.393734,82.122633,26.200712,83.09022,194
Jhansi,Uttar Pradesh,25.525193,79.16709,25.109376,78.300773,25.952803,79.419419,166
Kannauj,Uttar Pradesh,26.999381,79.69046,26.768893,79.318402,27.22853,80.016507,160
Kanpur Dehat,Uttar Pradesh,26.455991,79.853175,26.090292,79.506138,26.827051,80.189634,163
Kanpur Nagar,Uttar Pradesh,26.436159,80.269381,25.922518,79.891557,26.963468,80.590283,164
Kasganj,Uttar Pradesh,27.790949,78.821498,27.550678,78.472657,28.027735,79.215831,202
Kaushambi,Uttar Pradesh,25.537521,81.448846,25.258657,81.151627,25.810758,81.713281,174
Kushinagar,Uttar Pradesh,26.924607,83.832213,26.551269,83.524437,27.293388,84.419603,189
Lakhimpur Kheri,Uttar Pradesh,28.180233,80.71598,27.67557,80.030494,28.691596,81.305483,153
Lalitpur,Uttar Pradesh,24.684714,78.514685,24.179113,78.171471,25.22462,78.992661,167
Lucknow,Uttar Pradesh,26.823165,80.920616,26.505171,80.550187,27.158579,81.215967,157
Maharajganj,Uttar Pradesh,27.180288,83.488376,26.888693,83.120369,27.479387,83.932856,187
Mahoba,Uttar Pradesh,25.364521,79.704055,25.032189,79.262765,25.640839,80.226311,169
Mainpuri,Uttar Pradesh,27.209769,79.063466,26.945243,78.688367,27.473223,79.436514,148
Mathura,Uttar Pradesh,27.601734,77.58725,27.233354,77.282833,27.967701,77.98933,145
Mau,Uttar Pradesh,26.039638,83.49813,25.797357,83.295673,26.275219,83.861367,192
Meerut,Uttar Pradesh,28.998467,77.76784,28.736621,77.422703,29.265941,78.123916,138
Mirzapur,Uttar Pradesh,24.933561,82.629988,24.594529,82.08005,25.27045,83.18129,199
Moradabad,Uttar Pradesh,28.85669,78.808796,28.460303,78.527673,29.264065,79.001054,135
Muzaffarnagar,Uttar Pradesh,29.440549,77.73654,29.185002,77.277238,29.713785,78.113969,133
Pilibhit,Uttar Pradesh,28.497557,80.108649,28.100902,79.621764,28.887511,80.447927,151
Pratapgarh,Uttar Pradesh,25.87441,81.8339,25.572497,81.325065,26.180611,82.434076,173
Prayagraj,Uttar Pradesh,25.284922,81.904645,24.817513,81.517153,25.753939,82.35264,175
Rae Bareli,Uttar Pradesh,26.207948,81.093404,25.810758,80.669853,26.606479,81.449083,158
Rampur,Uttar Pradesh,28.801078,79.184041,28.42037,78.858386,29.169189,79.4275,136
Saharanpur,Uttar Pradesh,29.98662,77.50549,29.564772,77.119963,30.406323,77.961667,132
Sambhal,Uttar Pradesh,28.42573,78.557134,28.043816,78.270002,28.809788,78.872063,754
Sant Kabir Nagar,Uttar Pradesh,26.756162,83.040194,26.410564,82.819494,27.099885,83.22667,186
Shahjahanpur,Uttar Pradesh,27.911955,79.746447,27.44535,79.322754,28.378292,80.358721,152
Shamli,Uttar Pradesh,29.479813,77.289657,29.265405,77.087326,29.695293,77.502273,704
Shrawasti,Uttar Pradesh,27.678786,81.891575,27.401932,81.607912,27.952693,82.207176,181
Siddharthnagar,Uttar Pradesh,27.249301,82.869268,26.999917,82.43936,27.502972,83.292875,184
Sitapur,Uttar Pradesh,27.505384,80.832842,27.099349,80.299044,27.906059,81.416446,154
Sonbhadra,Uttar Pradesh,24.42193,83.067911,23.871438,82.523592,24.959826,83.548059,200
Sultanpur,Uttar Pradesh,26.245604,82.268142,25.97478,81.808703,26.514551,82.692368,179
Unnao,Uttar Pradesh,26.563061,80.625945,26.103692,80.04417,27.029398,81.049988,156
Varanasi,Uttar Pradesh,25.375107,82.940589,25.168338,82.66657,25.580001,83.188128,197
Almora,Uttarakhand,29.70265,79.432256,29.42554,79.036929,29.979444,80.077978,064
Bageshwar,Uttarakhand,30.012445,79.930996,29.700913,79.471802,30.318608,80.158524,063
Chamoli,Uttarakhand,30.508716,79.61661,29.925759,79.075879,31.075883,80.101801,057
Champawat,Uttarakhand,29.227063,80.105302,28.938585,79.793608,29.522173,80.318482,065
Dehradun,Uttarakhand,30.495453,77.870909,29.962075,77.573108,31.03104,78.307855,060
Haridwar,Uttarakhand,29.907759,78.005909,29.58028,77.715293,30.240922,78.335838,068
Nainital,Uttarakhand,29.299064,79.418529,28.978375,78.850123,29.611859,79.974743,066
Pauri Garhwal,Uttarakhand,29.84981,78.702094,29.434382,78.201972,30.260186,79.232055,061
Pithoragarh,Uttarakhand,30.121867,80.474227,29.44354,79.820835,30.808405,81.045287,062
Rudraprayag,Uttarakhand,30.499716,79.03853,30.179026,78.816845,30.809668,79.352307,058
Tehri Garhwal,Uttarakhand,30.466242,78.482936,30.05334,77.938023,30.877564,79.035416,059
Udham Singh Nagar,Uttarakhand,29.041692,79.436431,28.722897,78.724955,29.363644,80.077221,067
Uttarkashi,Uttarakhand,30.963934,78.63224,30.46861,77.811343,31.4561,79.413567,056
Alipurduar,West Bengal,26.627215,89.447912,26.398958,89.042321,26.854148,89.874198,774
Bankura,West Bengal,23.132846,87.207534,22.627006,86.610655,23.639348,87.764336,339
Birbhum,West Bengal,24.065572,87.694643,23.544338,87.089075,24.583826,88.023494,334
Cooch Behar,West Bengal,26.248331,89.424339,25.928871,88.749202,26.53866,89.85969,329
Dakshin Dinajpur,West Bengal,25.39125,88.506191,25.165476,88.163294,25.606762,89.00869,331
Darjeeling,West Bengal,26.839747,88.310967,26.457553,87.991841,27.220617,88.511806,327
Hooghly,West Bengal,22.905417,88.013135,22.594894,87.504849,23.221567,88.501914,338
Howrah,West Bengal,22.505181,88.042222,22.219156,87.845447,22.781274,88.361784,341
Jalpaiguri,West Bengal,26.621091,88.729809,26.255283,88.391129,26.994181,89.119475,328
Jhargram,West Bengal,22.333864,86.995149,21.865928,86.55856,22.798819,87.25822,776
Kalimpong,West Bengal,27.031424,88.644943,26.863086,88.39047,27.188174,88.876803,775
Kolkata,West Bengal,22.57917,88.368227,22.503856,88.2388,22.632634,88.41355,342
Malda,West Bengal,25.102577,88.12288,24.691085,87.711252,25.538566,88.464656,332
Murshidabad,West Bengal,24.289856,88.371296,23.722772,87.81808,24.859257,88.746564,333
Nadia,West Bengal,23.490046,88.557903,22.875953,88.134609,24.10447,88.801298,336
North 24 Parganas,West Bengal,22.67418,88.649764,22.119511,88.330131,23.255996,89.095735,337
Paschim Bardhaman,West Bengal,23.647128,87.155247,23.402981,86.798924,23.882668,87.533864,777
Paschim Medinipur,West Bengal,22.358692,87.413645,21.764297,87.053466,22.954412,87.893586,344
Purba Bardhaman,West Bengal,23.385601,87.904423,22.933887,87.434289,23.844598,88.415198,335
Purba Medinipur,West Bengal,22.067205,87.743398,21.609698,87.425717,22.519416,88.186704,345
Purulia,West Bengal,23.205345,86.32573,22.704802,85.819663,23.698606,86.905093,340
South 24 Parganas,West Bengal,22.092365,88.42194,21.4839,87.880397,22.624358,89.13695,343
Uttar Dinajpur,West Bengal,25.869944,87.974302,25.243934,87.809837,26.49761,88.524005,330
