id,identifier,source_feed,sender,status,msg_type,category,event,urgency,severity,raw_severity,certainty,sent_at,feed_published_at,effective_at,onset_at,expires_at,headline,description,area_desc,district_codes,area_polygon,polygon_thinned,polygon_points,fetched_at
21322fec-5a6a-4521-ba85-420106b1f8a3,1789957059562006,SACHET,Kerala-SDMA,Actual,Update,Met,Moderate Rain,Expected,HIGH,Severe,Likely,2026-09-21T02:28:47+00:00,2026-09-21T02:28:50+00:00,2026-09-21T02:14:00+00:00,2026-09-21T02:28:47+00:00,2026-09-21T05:14:00+00:00,"അടുത്ത 3 മണിക്കൂറിൽ PTA, ALP, KTM, IDK, EKM, TSR ഒറ്റപ്പെട്ടയിടങ്ങളിൽ ഇടിമിന്നലോടുകൂടിയ ഇടത്തരം മഴയ്ക്കും 40 kmph വരെ വേഗതയിൽ ശക്തമായ കാറ്റിനും സാധ്യത. 07.50 AM 21/09/2026; IMD - KSDMA",,6 districts of Kerala,"[""554"", ""555"", ""556"", ""564"", ""560"", ""566""]",,False,,2026-09-21T03:28:31.925623+00:00
2204dd90-5dd3-47f5-a2d0-364b55e0cd17,1789954357601020,SACHET,Gujarat-SDMA,Actual,Update,Met,Light Rain,Expected,MODERATE,Moderate,Likely,2026-09-21T02:24:00+00:00,2026-09-21T02:24:02+00:00,2026-09-21T01:32:00+00:00,2026-09-21T02:24:00+00:00,2026-09-21T04:32:00+00:00,"Light Rain is very likely to occur at isolated places over Navsari, The Dangs, Valsad, Dadra And Nagar Haveli, Daman in next 3 hours.",,"Navsari,The Dangs,Valsad districts of Gujarat","[""444"", ""453"", ""462""]",,False,,2026-09-21T03:28:32.278892+00:00
efaac17e-f7e7-4c2a-b9af-1fdcce04b718,1789954359023023,SACHET,Dadra-and-Nagar-Haveli-and-Daman-and-Diu-SDMA,Actual,Update,Met,Light Rain,Expected,MODERATE,Moderate,Likely,2026-09-21T01:36:15+00:00,2026-09-21T01:36:16+00:00,2026-09-21T01:32:00+00:00,2026-09-21T01:36:15+00:00,2026-09-21T04:32:00+00:00,Light rain is very likely to occur at isolated places over Dadra Nagar Haveli and Daman districts in next 3 hours.,,Dadra And Nagar Haveli district of Dadra and Nagar Haveli and Daman and Diu,"[""463"", ""465""]",,False,,2026-09-21T03:28:32.616380+00:00
24229565-fe07-4e69-952c-e4d0b19ac779,1789954158352017,SACHET,West-Bengal-SDMA,Actual,Update,Met,Thunderstorm with Lightning,Expected,MODERATE,Moderate,Likely,2026-09-21T01:31:11+00:00,2026-09-21T01:31:13+00:00,2026-09-21T01:28:00+00:00,2026-09-21T01:31:11+00:00,2026-09-21T04:28:00+00:00,"Light to moderate Thunderstorm  lightning accompanied with light to moderate rain and gusty wind with speed 30-40 kmph. very likely to affect over some parts of Purulia, Jhargram, West Midnapore districts during next 2-3 hours from 06:55, 21-09-2026.",,"Jhargram,Pashchim Medinipur,Puruliya districts of West Bengal","[""318"", ""321"", ""703""]",,False,,2026-09-21T03:28:32.956950+00:00
a59b987c-bf6a-4b4a-8f9a-4396c80e1534,1789953832707029,SACHET,Maharashtra-SDMA,Actual,Update,Met,Moderate Rain,Expected,MODERATE,Moderate,Likely,2026-09-21T01:28:02+00:00,2026-09-21T01:28:06+00:00,2026-09-21T01:30:00+00:00,2026-09-21T01:28:02+00:00,2026-09-21T04:30:00+00:00,"Light to moderate spells of rain with possibility of thunder/lightning very likely to occur at isolated places over Ahilyanagar, Kolhapur, Nashik, Palghar, Sangli, Satara, Sindhudurg, Solapur in next 3 hours.",,8 districts of Maharashtra,"[""493"", ""466"", ""487"", ""665"", ""480"", ""496"", ""494"", ""495""]",,False,,2026-09-21T03:28:33.298116+00:00
e05e0bbd-2e2c-4aed-838b-92f6e8e96ecf,1789951796797008,SACHET,Andhra-Pradesh-SDMA,Actual,Alert,Met,Lightning,Expected,HIGH,Severe,Possible,2026-09-21T00:49:56+00:00,2026-09-21T00:50:44+00:00,2026-09-21T00:50:00+00:00,2026-09-21T00:50:42+00:00,2026-09-21T01:50:00+00:00,Lightning is Likely to occur over ndl-owk Mandal . Please follow SDMA guidelines.,,ndl-owk Mandal,,,False,,2026-09-21T03:28:33.637971+00:00
e755d0e8-295c-413b-8c06-c3b6346b0421,1789947736982008,SACHET,Andhra-Pradesh-SDMA,Actual,Alert,Met,Lightning,Expected,HIGH,Severe,Possible,2026-09-20T23:42:16+00:00,2026-09-20T23:43:09+00:00,2026-09-20T23:40:00+00:00,2026-09-20T23:43:07+00:00,2026-09-21T00:40:00+00:00,Lightning is Likely to occur over sklm-ichchapuram Mandal . Please follow SDMA guidelines.,,sklm-ichchapuram Mandal,,,False,,2026-09-21T03:28:33.977356+00:00
8c7391ee-e20e-44ec-bc9d-ca9ccfebbacc,1789946848081008,SACHET,Andhra-Pradesh-SDMA,Actual,Alert,Met,Lightning,Expected,HIGH,Severe,Possible,2026-09-20T23:27:28+00:00,2026-09-20T23:28:58+00:00,2026-09-20T23:25:00+00:00,2026-09-20T23:28:56+00:00,2026-09-21T00:25:00+00:00,"మీ ప్రాంతంలో పిడుగులు పడే అవకాశం ఉంది.ఉరుములు మెరుపులతో కూడిన వర్షం పడేప్పుడు చెట్లు,టవర్స్,పోల్స్,పొలాలు,బహిరంగ ప్రదేశాల్లో ఉండరాదు.సురక్షితమైన భవనాల్లో ఆశ్రయం పొందండి-ఆంధ్రప్రదేశ్ ప్రభుత్వం.",,"atp-bukkarayasamudram, atp-singanamala mandals",,,False,,2026-09-21T03:28:34.317347+00:00
613336a4-8ff4-4c3f-ba69-2e5c594492c1,1789945498146006,SACHET,Kerala-SDMA,Actual,Update,Met,Moderate Rain,Expected,HIGH,Severe,Likely,2026-09-20T23:11:08+00:00,2026-09-20T23:11:11+00:00,2026-09-20T23:03:00+00:00,2026-09-20T23:11:08+00:00,2026-09-21T02:03:00+00:00,"അടുത്ത 3 മണിക്കൂറിൽ കേരളത്തിലെ കോട്ടയം, ഇടുക്കി, എറണാകുളം, തൃശ്ശൂർ, പാലക്കാട്, മലപ്പുറം ജില്ലകളിൽ ഇടിമിന്നലോടുകൂടിയ ഇടത്തരം മഴയ്ക്ക് സാധ്യത. 04.39 AM; 21.09.2026; IMD - KSDMA",,6 districts of Kerala,"[""555"", ""556"", ""563"", ""560"", ""566"", ""562""]",,False,,2026-09-21T03:28:34.662842+00:00
d3510de2-3bb4-4c26-9cc0-d85cd9d025c5,1789944051432017,SACHET,West-Bengal-SDMA,Actual,Update,Met,Thunderstorm with Lightning,Expected,MODERATE,Moderate,Likely,2026-09-20T22:42:01+00:00,2026-09-20T22:42:03+00:00,2026-09-20T22:39:00+00:00,2026-09-20T22:42:01+00:00,2026-09-21T01:39:00+00:00,"Light to moderate Thunderstorm  lightning accompanied with light to moderate rain and gusty wind with speed 30-40 kmph. very likely to affect over some parts of East Midnapore district during next 2-3 hours from 04:10, 21-09-2026.",,Purba Medinipur district of West Bengal,"[""317""]",,False,,2026-09-21T03:28:35.006086+00:00
c398a5cd-8ea0-4919-91c7-5f6d239da63e,1789943265794020,SACHET,Gujarat-SDMA,Actual,Update,Met,Light Rain,Expected,MODERATE,Moderate,Likely,2026-09-20T22:39:34+00:00,2026-09-20T22:39:36+00:00,2026-09-20T22:26:00+00:00,2026-09-20T22:39:34+00:00,2026-09-21T01:26:00+00:00,"Light Rain is very likely to occur at isolated places over Devbhumi Dwarka, Kachchh, Valsad, Dadra And Nagar Haveli, Daman in next 3 hours.",,"Devbhumi Dwarka,Kachchh,Valsad districts of Gujarat","[""674"", ""449"", ""462""]",,False,,2026-09-21T03:28:35.349841+00:00
f2761ca9-d936-4a1d-8052-3990ad999fd4,1789943646168017,SACHET,West-Bengal-SDMA,Actual,Update,Met,Thunderstorm with Lightning,Expected,MODERATE,Moderate,Likely,2026-09-20T22:35:43+00:00,2026-09-20T22:35:45+00:00,2026-09-20T22:33:00+00:00,2026-09-20T22:35:43+00:00,2026-09-21T01:33:00+00:00,"Light to moderate Thunderstorm  lightning accompanied with light to moderate rain and gusty wind with speed 30-40 kmph. very likely to affect over some parts of Jhargram, West Midnapore, Purulia districts during next 2-3 hours from 03:58, 21-09-2026.",,some parts,,,False,,2026-09-21T03:28:35.681766+00:00
1cbf3417-2b23-462d-9907-414cfcecf807,1789943267799023,SACHET,Dadra-and-Nagar-Haveli-and-Daman-and-Diu-SDMA,Actual,Update,Met,Light Rain,Expected,MODERATE,Moderate,Likely,2026-09-20T22:32:53+00:00,2026-09-20T22:32:54+00:00,2026-09-20T22:26:00+00:00,2026-09-20T22:32:53+00:00,2026-09-21T01:26:00+00:00,Light rain is very likely to occur at isolated places over Dadra Nagar Haveli and Daman districts in next 3 hours.,,Dadra And Nagar Haveli district of Dadra and Nagar Haveli and Daman and Diu,"[""463"", ""465""]",,False,,2026-09-21T03:28:36.021842+00:00
cd866edd-7ac4-43db-8588-65a83e0fddc0,1789936797133019,SACHET,Karnataka-SNDMC,Actual,Update,Met,Light Thunderstorm with surface wind,Expected,MODERATE,Moderate,Possible,2026-09-20T20:43:45+00:00,2026-09-20T20:43:46+00:00,2026-09-20T20:39:00+00:00,2026-09-20T20:43:45+00:00,2026-09-20T23:39:00+00:00,"Light Thunderstorm with surface wind is likely to occur at isolated places over Raichur, Tumakuru, Yadgir districts in next 3 hours. Source : IMD Bengaluru",,"Raichur,Tumakuru,Yadgir districts of Karnataka","[""548"", ""635"", ""546""]",,False,,2026-09-21T03:28:36.360483+00:00
6d49b7fb-846a-4969-a6c5-35203e37373c,1789922985001017,SACHET,West-Bengal-SDMA,Actual,Update,Met,Thunderstorm with Lightning,Expected,MODERATE,Moderate,Likely,2026-09-20T17:03:50+00:00,2026-09-20T17:03:52+00:00,2026-09-20T16:48:00+00:00,2026-09-20T17:03:50+00:00,2026-09-20T19:48:00+00:00,"Light to moderate Thunderstorm  lightning accompanied with light to moderate rain and gusty wind with speed 30-40 kmph. very likely to affect over some parts of South 24 Parganas district during next 2-3 hours from 22:20, 20-09-2026.",,some parts,,,False,,2026-09-21T03:29:58.381707+00:00
13ffeca0-6fa3-4391-b24e-ef99a58bcf1c,1789934594754006,SACHET,Kerala-SDMA,Actual,Update,Met,Moderate Rain,Expected,HIGH,Severe,Likely,2026-09-20T20:07:43+00:00,2026-09-20T20:07:45+00:00,2026-09-20T19:59:00+00:00,2026-09-20T20:07:43+00:00,2026-09-20T22:59:00+00:00,"അടുത്ത 3 മണിക്കൂറിൽ IDK, EKM, MLP, KZD, KNR ജില്ലകളിൽ ഒറ്റപ്പെട്ടയിടങ്ങളിൽ ഇടിമിന്നലോടുകൂടിയ ഇടത്തരം മഴയ്ക്കും 40 kmph വരെ വേഗതയിൽ ശക്തമായ കാറ്റിനും സാധ്യത. 01.30 AM 21/09/2026; IMD - KSDMA",,5 districts of Kerala,"[""555"", ""561"", ""556"", ""562"", ""557""]",,False,,2026-09-21T03:28:36.698830+00:00
108bfd23-a5e6-407a-9c15-85d2a22111a1,1789934067626019,SACHET,Karnataka-SNDMC,Actual,Update,Met,Light Thunderstorm with surface wind,Expected,MODERATE,Moderate,Possible,2026-09-20T20:00:13+00:00,2026-09-20T20:00:15+00:00,2026-09-20T19:53:00+00:00,2026-09-20T20:00:13+00:00,2026-09-20T22:53:00+00:00,"Light Thunderstorm with surface wind is likely to occur at isolated places over Mysuru, Ramanagara, Udupi, Vijayanagara, Vijayapura districts in next 3 hours. Source : IMD Bengaluru",,5 districts of Karnataka,"[""530"", ""545"", ""549"", ""738"", ""631""]",,False,,2026-09-21T03:28:37.041890+00:00
6106df3f-50a8-4a67-99f2-ed92635ac1e3,1789933958248019,SACHET,Karnataka-SNDMC,Actual,Update,Met,Light Thunderstorm with surface wind,Expected,MODERATE,Moderate,Possible,2026-09-20T19:58:59+00:00,2026-09-20T19:59:02+00:00,2026-09-20T19:48:00+00:00,2026-09-20T19:58:59+00:00,2026-09-20T22:48:00+00:00,"Light Thunderstorm with surface wind is likely to occur at isolated places over Bagalakote, Ballari, Belagavi, Bengaluru Rural, Bengaluru Urban, Chamarajanagara, Chikkaballapura, Chitradurga, Dakshina Kannada, Davanagere, Dharwad, Gadag, Hassan, Haveri, Kodagu, koppala, Mandya  districts in next 3 hours.",,22 districts of Karnataka,"[""524"", ""543"", ""530"", ""526"", ""527"", ""531"", ""545"", ""533"", ""525"", ""549"", ""535"", ""539"", ""537"", ""534"", ""738"", ""544"", ""540"", ""528"", ""541"", ""536"", ""630"", ""631""]",,False,,2026-09-21T03:28:37.378786+00:00
8e31ad96-daf0-470b-b1df-7f0bb893fceb,1789933530373029,SACHET,Maharashtra-SDMA,Actual,Update,Met,Light Thunderstorms,Expected,MODERATE,Moderate,Likely,2026-09-20T19:51:00+00:00,2026-09-20T19:51:03+00:00,2026-09-20T19:30:00+00:00,2026-09-20T19:51:00+00:00,2026-09-20T22:30:00+00:00,Thunderstorm accompanied with lightning and light to moderate spells of rain with gusty winds reaching 30-40 kmph very likely to occur at isolated places.,,8 districts of Maharashtra,"[""493"", ""466"", ""470"", ""490"", ""480"", ""494"", ""485"", ""489""]",,False,,2026-09-21T03:28:37.721905+00:00
37a02896-2513-4a55-b102-208a0c174081,1789932081981020,SACHET,Gujarat-SDMA,Actual,Update,Met,Light Rain,Expected,MODERATE,Moderate,Likely,2026-09-20T19:28:34+00:00,2026-09-20T19:28:37+00:00,2026-09-20T19:20:00+00:00,2026-09-20T19:28:34+00:00,2026-09-20T22:20:00+00:00,"Light Rain is very likely to occur at isolated places over Devbhumi Dwarka, Gir Somnath, Jamnagar, Junagadh, Kachchh, Morbi, Navsari, Porbandar, Rajkot, Surat, Tapi, The Dangs, Valsad, Dadra And Nagar Haveli, Daman, Diu in next 3 hours.",,13 districts of Gujarat,"[""674"", ""456"", ""444"", ""673"", ""447"", ""675"", ""448"", ""453"", ""641"", ""459"", ""449"", ""462"", ""457""]",,False,,2026-09-21T03:28:38.059450+00:00
9aef0420-8e48-4986-8bcd-4746e9246377,1789932086186023,SACHET,Dadra-and-Nagar-Haveli-and-Daman-and-Diu-SDMA,Actual,Update,Met,Light Rain,Expected,MODERATE,Moderate,Likely,2026-09-20T19:24:24+00:00,2026-09-20T19:24:26+00:00,2026-09-20T19:20:00+00:00,2026-09-20T19:24:24+00:00,2026-09-20T22:20:00+00:00,"Light rain is very likely to occur at isolated places over Dadra Nagar Haveli, Daman and Diu districts in next 3 hours.",,Dadra And Nagar Haveli district of Dadra and Nagar Haveli and Daman and Diu,"[""464"", ""463"", ""465""]",,False,,2026-09-21T03:28:38.398825+00:00
d8f3537d-147f-4299-b20f-4711fe3697f1,1789931641276041,SACHET,Puducherry-SDMA,Actual,Update,Met,Moderate Rain,Expected,MODERATE,Moderate,Possible,2026-09-20T19:19:08+00:00,2026-09-20T19:19:10+00:00,2026-09-20T19:30:00+00:00,2026-09-20T19:19:08+00:00,2026-09-20T22:30:00+00:00,"Light to Moderate Rain with thunderstorm and lightning is likely to occur at isolated places over Chengalpattu, Chennai, Cuddalore, Dharmapuri, Erode, Kallakurichi, Kancheepuram, Krishnagiri, Namakkal, Perambalur, Salem, Tiruchirappalli, Tiruvannamalai, Viluppuram, Pondicherry in next 3 hours.",,Pondicherry district of Puducherry,"[""600""]",,False,,2026-09-21T03:28:38.736008+00:00
930d8386-f962-4650-8fdb-839efdbad055,1789931638832007,SACHET,IMD-Chennai,Actual,Alert,Met,Moderate Rain,Expected,MODERATE,Moderate,Possible,2026-09-20T19:12:37+00:00,2026-09-20T19:14:01+00:00,2026-09-20T19:30:00+00:00,2026-09-20T19:13:59+00:00,2026-09-20T22:30:00+00:00,"Light to Moderate Rain with thunderstorm and lightning is likely to occur at isolated places over Chengalpattu, Chennai, Cuddalore, Dharmapuri, Erode, Kallakurichi, Kancheepuram, Krishnagiri, Namakkal, Perambalur, Salem, Tiruchirappalli, Tiruvannamalai, Viluppuram, Pondicherry in next 3 hours.",,"Chengalpattu, Chennai, Cuddalore, Dharmapuri, Erode, Kallakurichi, Kancheepuram, Krishnagiri, Namakkal, Perambalur, Salem, Tiruchirappalli, Tiruvannamalai, Viluppuram districts of Tamil Nadu","[""574"", ""577"", ""730"", ""596"", ""591"", ""568"", ""593"", ""581"", ""584"", ""580"", ""570"", ""729"", ""573"", ""571""]",,False,,2026-09-21T03:28:39.076935+00:00
331dfc21-f7f1-4723-af8e-5ff2a816ca1b,1789929209472008,SACHET,Andhra-Pradesh-SDMA,Actual,Alert,Met,Lightning,Expected,HIGH,Severe,Possible,2026-09-20T18:33:29+00:00,2026-09-20T18:34:49+00:00,2026-09-20T18:30:00+00:00,2026-09-20T18:34:48+00:00,2026-09-20T20:30:00+00:00,"There is a possibility of lightning in your area. During thunderstorms, avoid trees, towers, poles, fields, and open spaces. Seek shelter in safe buildings - Andhra Pradesh Government.",,mkp-yerragondapalem Mandal,,,False,,2026-09-21T03:28:39.415503+00:00
bb4b3c15-1fe9-4b6b-89f7-428f8db56b02,1789928307385008,SACHET,Andhra-Pradesh-SDMA,Actual,Alert,Met,Lightning,Expected,HIGH,Severe,Possible,2026-09-20T18:18:27+00:00,2026-09-20T18:19:24+00:00,2026-09-20T18:15:00+00:00,2026-09-20T18:19:22+00:00,2026-09-20T20:15:00+00:00,"There is a possibility of lightning in your area. During thunderstorms, avoid trees, towers, poles, fields, and open spaces. Seek shelter in safe buildings - Andhra Pradesh Government.",,mkp-giddalur Mandal,,,False,,2026-09-21T03:28:39.754928+00:00
fc355ade-9642-4696-9bc4-eda3c88546d3,1789925834082008,SACHET,Andhra-Pradesh-SDMA,Actual,Alert,Met,Lightning,Expected,HIGH,Severe,Possible,2026-09-20T17:37:14+00:00,2026-09-20T17:38:04+00:00,2026-09-20T17:35:00+00:00,2026-09-20T17:38:02+00:00,2026-09-20T19:35:00+00:00,"There is a possibility of lightning in your area. During thunderstorms, avoid trees, towers, poles, fields, and open spaces. Seek shelter in safe buildings - Andhra Pradesh Government.",,"mkp-ardhaveedu, mkp-dornala mandals",,,False,,2026-09-21T03:29:56.954801+00:00
21bfe52d-ebe7-48d3-863f-5fe1aad6950e,1789925098402006,SACHET,Kerala-SDMA,Actual,Update,Met,Moderate Rain,Expected,HIGH,Severe,Likely,2026-09-20T17:33:30+00:00,2026-09-20T17:33:32+00:00,2026-09-20T16:30:00+00:00,2026-09-20T17:33:30+00:00,2026-09-20T19:30:00+00:00,"അടുത്ത 3 മണിക്കൂറിൽ കേരളത്തിലെ പത്തനംതിട്ട, കോട്ടയം, ഇടുക്കി, എറണാകുളം, തൃശ്ശൂർ ജില്ലകളിൽ ഇടത്തരം മഴയ്ക്കും 40 kmph വരെ വേഗതയിൽ ശക്തമായ കാറ്റിനും സാധ്യത. 11.00 PM; 20/09/2026; IMD - KSDMA",,5 districts of Kerala,"[""555"", ""556"", ""564"", ""560"", ""566""]",,False,,2026-09-21T03:29:57.330563+00:00
b4fbdd3c-1d48-4f96-922b-d0845593dcdb,1789925182198013,SACHET,Uttar-Pradesh-SDMA,Actual,Update,Met,Moderate Rain,Expected,HIGH,Severe,Likely,2026-09-20T17:28:24+00:00,2026-09-20T17:28:26+00:00,2026-09-20T17:24:00+00:00,2026-09-20T17:28:24+00:00,2026-09-20T20:24:00+00:00,"Moderate to Intense spell of Rain with Lightning and Thunderstorm(wind speed 30-40 kmph gusting to 50kmph) is very likely to occur at isolated places over Banda, Hamirpur, Mahoba in next 3 hours.",,banda,,,False,,2026-09-21T03:29:57.691081+00:00
d4fbb1e3-a678-4b0c-8435-f8fbd4552618,1789925141394019,SACHET,Karnataka-SNDMC,Actual,Update,Met,Light Thunderstorm with surface wind,Expected,MODERATE,Moderate,Possible,2026-09-20T17:27:33+00:00,2026-09-20T17:27:35+00:00,2026-09-20T17:24:00+00:00,2026-09-20T17:27:33+00:00,2026-09-20T20:24:00+00:00,"Light Thunderstorm with surface wind is likely to occur at isolated places over Ballari, Koppal, Vijayanagara districts in next 3 hours. Source : IMD Bengaluru",,"Ballari,Koppal,Vijayanagara districts of Karnataka","[""543"", ""738"", ""528""]",,False,,2026-09-21T03:29:58.039284+00:00
da391d99-7d02-49a2-9e41-b3eeecfac007,1789923057221007,SACHET,IMD-Chennai,Actual,Update,Met,Light Rain,Expected,MODERATE,Moderate,Possible,2026-09-20T16:50:29+00:00,2026-09-20T16:51:00+00:00,2026-09-20T16:38:00+00:00,2026-09-20T16:50:57+00:00,2026-09-20T19:38:00+00:00,"Light to moderate  Rain with thunderstorm  is likely to occur at isolated places over Ariyalur, Chengalpattu, Chennai, Dindigul, Erode, Kanniyakumari, Madurai, Pudukkottai, Ramanathapuram, Sivaganga, Tenkasi, Thanjavur, Theni, Thoothukkudi, Tiruchirappalli, Tirunelveli, Virudhunagar in next 3 hours.",,"Ariyalur, Chengalpattu, Chennai, Dindigul, Erode, Kancheepuram, Kanniyakumari, Madurai, Pudukkottai, Ramanathapuram, Sivaganga, Tenkasi, Thanjavur, Theni, Thoothukkudi, Tiruchirappalli, Tirunelveli, Virudhunagar districts of Tamil Nadu","[""574"", ""586"", ""575"", ""730"", ""588"", ""591"", ""568"", ""733"", ""582"", ""572"", ""610"", ""585"", ""592"", ""594"", ""578"", ""573"", ""583"", ""597""]",,False,,2026-09-21T03:29:58.738243+00:00
c7e64a3a-7205-41b6-b293-8dd1d20d89f6,1789923059053029,SACHET,Maharashtra-SDMA,Actual,Update,Met,Moderate Rain,Expected,MODERATE,Moderate,Likely,2026-09-20T16:54:23+00:00,2026-09-20T16:54:25+00:00,2026-09-20T17:00:00+00:00,2026-09-20T16:54:23+00:00,2026-09-20T20:00:00+00:00,"पुढील ३ तासांत बीड, परभणी या जिल्ह्यांमध्ये काही ठिकाणी विजांच्या कडकडाटासह हलका ते मध्यम पाऊस आणि ताशी ३०-४० किमी वेगाने वारे वाहण्याची शक्यता आहे. नागरिकांनी सतर्क राहावे. मंत्रालय, मुंबई.",,"Beed,Parbhani districts of Maharashtra","[""470"", ""489""]",,False,,2026-09-21T03:29:59.097083+00:00
436c9dcb-469d-491b-bda8-f20e173e800d,1789921385418029,SACHET,Maharashtra-SDMA,Actual,Update,Met,Light Thunderstorms,Expected,MODERATE,Moderate,Likely,2026-09-20T16:51:13+00:00,2026-09-20T16:51:16+00:00,2026-09-20T16:30:00+00:00,2026-09-20T16:51:13+00:00,2026-09-20T19:30:00+00:00,"Thunderstorm accompanied with lightning and light to moderate spells of rain with gusty winds reaching 30-40 kmph very likely to occur at isolated places over Ahilyanagar, Kolhapur, Sangli, Satara in next 3 hours.",,4 districts of Maharashtra,"[""493"", ""466"", ""480"", ""494""]",,False,,2026-09-21T03:29:59.453902+00:00
82689c33-ae40-4609-986f-ca7a2bbd2518,1789922822945020,SACHET,Gujarat-SDMA,Actual,Update,Met,Light Rain,Expected,MODERATE,Moderate,Likely,2026-09-20T16:50:54+00:00,2026-09-20T16:50:57+00:00,2026-09-20T16:43:00+00:00,2026-09-20T16:50:54+00:00,2026-09-20T19:43:00+00:00,"Light Ra accompanied with light TS  is very likely to occur at isolated places over Ahmedabad,Anand,Arvalli,Bharuch, Bhavnagar,Botad,Chhotaudepur,Dahod,Gandhinagar,Kheda,Mahisagar,Narmada,Navsari,Panch Mahals,SabarKantha,Surat,Tapi,The Dangs, Vadodara,Valsad,Dadra And Nagar Haveli, Daman in next 3 hours.",,20 districts of Gujarat,"[""458"", ""672"", ""668"", ""438"", ""444"", ""461"", ""446"", ""443"", ""450"", ""442"", ""453"", ""641"", ""459"", ""440"", ""454"", ""676"", ""452"", ""462"", ""445"", ""669""]",,False,,2026-09-21T03:29:59.804615+00:00
57f19edf-5686-4111-b782-f1bdf4cac3d1,1789922829563023,SACHET,Dadra-and-Nagar-Haveli-and-Daman-and-Diu-SDMA,Actual,Update,Met,Light Rain,Expected,MODERATE,Moderate,Likely,2026-09-20T16:50:18+00:00,2026-09-20T16:50:19+00:00,2026-09-20T16:43:00+00:00,2026-09-20T16:50:18+00:00,2026-09-20T19:43:00+00:00,Light rain accompanied with light thunderstorm is very likely to occur at isolated places over Dadra Nagar Haveli and Daman districts in next 3 hours.,,Dadra And Nagar Haveli district of Dadra and Nagar Haveli and Daman and Diu,"[""463"", ""465""]",,False,,2026-09-21T03:30:00.161228+00:00
cb707048-ace5-4d4d-85a1-8a9ba54414ac,1789922503643020,SACHET,Gujarat-SDMA,Actual,Update,Met,Moderate Rain,Expected,HIGH,Severe,Likely,2026-09-20T16:48:09+00:00,2026-09-20T16:48:12+00:00,2026-09-20T16:40:00+00:00,2026-09-20T16:48:09+00:00,2026-09-20T19:40:00+00:00,"Moderate Rain accompanied moderate thunderstorm with probablity of cloud to ground lightning is very likely to occur at isolated places over Banas Kantha, Gir Somnath, Junagadh, Mahesana, Patan, Rajkot, Surendranagar, Diu in next 3 hours.",,7 districts of Gujarat,"[""675"", ""448"", ""441"", ""460"", ""455"", ""457"", ""451""]",,False,,2026-09-21T03:30:00.518421+00:00
0bfb4bc6-70bf-4e86-a678-5355bad2b5a5,1789922354368020,SACHET,Gujarat-SDMA,Actual,Update,Met,Heavy Rain,Immediate,CRITICAL,Extreme,Likely,2026-09-20T16:46:18+00:00,2026-09-20T16:46:20+00:00,2026-09-20T16:37:00+00:00,2026-09-20T16:46:18+00:00,2026-09-20T19:37:00+00:00,"Heavy Rain accompanied moderate thunderstorm with probablity of cloud to ground lightning is very likely to occur at isolated places over Devbhumi Dwarka, Jamnagar, Kachchh, Morbi, Porbandar in next 3 hours.",,5 districts of Gujarat,"[""674"", ""456"", ""673"", ""447"", ""449""]",,False,,2026-09-21T03:30:00.863074+00:00
926e4be5-533f-496b-8306-fff38e9386aa,1789922508988023,SACHET,Dadra-and-Nagar-Haveli-and-Daman-and-Diu-SDMA,Actual,Update,Met,Moderate Rain,Expected,HIGH,Severe,Likely,2026-09-20T16:46:04+00:00,2026-09-20T16:46:05+00:00,2026-09-20T16:40:00+00:00,2026-09-20T16:46:04+00:00,2026-09-20T19:40:00+00:00,Moderate rain accompanied moderate thunderstorm with probablity of cloud to ground lightning is very likely to occur at isolated places over Diu district in next 3 hours.,,Diu district of Dadra and Nagar Haveli and Daman and Diu,"[""464""]",,False,,2026-09-21T03:30:01.218892+00:00
6632d375-0ab4-458e-bc32-0c06f98762ed,1789922484313019,SACHET,Karnataka-SNDMC,Actual,Update,Met,Light Thunderstorm with surface wind,Expected,MODERATE,Moderate,Possible,2026-09-20T16:44:04+00:00,2026-09-20T16:44:06+00:00,2026-09-20T16:40:00+00:00,2026-09-20T16:44:04+00:00,2026-09-20T19:40:00+00:00,"Light Thunderstorm with surface wind is likely to occur at isolated places over Bagalakote, Belagavi, BengaluruRural, Bengaluru Urban, Chamarajanagara, Chikkamagaluru, Dakshina Kannada, Davanagere, Dharwad, Gadag, Hassan, Haveri, Kolar, Mandya, Mysuru, Ramanagara, Yadgir districts in next 3 hours. IMD BNG",,17 districts of Karnataka,"[""524"", ""532"", ""526"", ""527"", ""531"", ""545"", ""525"", ""535"", ""539"", ""537"", ""534"", ""544"", ""540"", ""536"", ""635"", ""542"", ""631""]",,False,,2026-09-21T03:30:01.575922+00:00
cfddf1d4-7612-4903-ba1b-7c148b1269af,1789922411524041,SACHET,Puducherry-SDMA,Actual,Update,Met,Moderate Rain,Expected,HIGH,Severe,Possible,2026-09-20T16:43:07+00:00,2026-09-20T16:43:08+00:00,2026-09-20T16:36:00+00:00,2026-09-20T16:43:07+00:00,2026-09-20T19:36:00+00:00,"Moderate Rain with thunderstorm and lightning  is likely to occur at isolated places over Cuddalore, Dharmapuri, Kallakurichi, Karur, Krishnagiri, Namakkal, Perambalur, Salem, Tiruvannamalai, Viluppuram, Pondicherry in next 3 hours.",,Pondicherry district of Puducherry,"[""600""]",,False,,2026-09-21T03:30:01.939969+00:00
700e5513-7a1d-438d-96d5-f1daeba6e840,1789922408811007,SACHET,IMD-Chennai,Actual,Alert,Met,Light Rain,Expected,MODERATE,Moderate,Possible,2026-09-20T16:39:27+00:00,2026-09-20T16:40:12+00:00,2026-09-20T16:38:00+00:00,2026-09-20T16:40:09+00:00,2026-09-20T19:38:00+00:00,"Light to moderate  Rain with thunderstorm  is likely to occur at isolated places over Ariyalur, Chengalpattu, Chennai, Dindigul, Erode, Kanniyakumari, Madurai, Pudukkottai, Ramanathapuram, Sivaganga, Tenkasi, Thanjavur, Theni, Thoothukkudi, Tiruchirappalli, Tirunelveli, Virudhunagar in next 3 hours.",,"Ariyalur, Chengalpattu, Chennai, Dindigul, Erode, Kanniyakumari, Madurai, Pudukkottai, Ramanathapuram, Sivaganga, Tenkasi, Thanjavur, Theni, Thoothukkudi, Tiruchirappalli, Tirunelveli, Virudhunagar districts of Tamil Nadu","[""586"", ""575"", ""730"", ""588"", ""591"", ""568"", ""733"", ""582"", ""572"", ""610"", ""585"", ""592"", ""594"", ""578"", ""573"", ""583"", ""597""]",,False,,2026-09-21T03:30:02.303171+00:00
f1ce3c66-c9b7-4dd0-8837-3dc991889c8e,1789922407903007,SACHET,IMD-Chennai,Actual,Alert,Met,Moderate Rain,Expected,HIGH,Severe,Possible,2026-09-20T16:39:27+00:00,2026-09-20T16:40:10+00:00,2026-09-20T16:36:00+00:00,2026-09-20T16:40:08+00:00,2026-09-20T19:36:00+00:00,"Moderate Rain with thunderstorm and lightning  is likely to occur at isolated places over Cuddalore, Dharmapuri, Kallakurichi, Karur, Krishnagiri, Namakkal, Perambalur, Salem, Tiruvannamalai, Viluppuram, Pondicherry in next 3 hours.",,"Cuddalore, Dharmapuri, Kallakurichi, Karur, Krishnagiri, Namakkal, Perambalur, Salem, Tiruvannamalai, Viluppuram districts of Tamil Nadu","[""577"", ""596"", ""593"", ""581"", ""584"", ""580"", ""570"", ""729"", ""571"", ""576""]",,False,,2026-09-21T03:30:02.662735+00:00
4c4e7df2-656c-4087-9fde-c681770fc25d,1789921402966017,SACHET,West-Bengal-SDMA,Actual,Update,Met,Thunderstorm with Lightning,Expected,MODERATE,Moderate,Likely,2026-09-20T16:27:25+00:00,2026-09-20T16:27:27+00:00,2026-09-20T16:22:00+00:00,2026-09-20T16:27:25+00:00,2026-09-20T19:22:00+00:00,"Light to moderate Thunderstorm  lightning accompanied with light to moderate rain and gusty wind with speed 30-40 kmph. very likely to affect over some parts of Jhargram district during next 2-3 hours from 21:54, 20-09-2026.",,Jhargram district of West Bengal,"[""703""]",,False,,2026-09-21T03:30:03.016826+00:00
7b7f9e6c-40bd-4fea-aa0a-1b95998efe9d,1789921283554021,SACHET,Madhya-Pradesh-SDMA,Actual,Update,Met,Moderate Rain,Expected,HIGH,Severe,Possible,2026-09-20T16:24:04+00:00,2026-09-20T16:24:06+00:00,2026-09-20T16:13:00+00:00,2026-09-20T16:24:04+00:00,2026-09-20T19:13:00+00:00,"Moderate Thunderstorm with Lightning/Moderate Rain is likely to occur at isolated places over Raisen, Vidisha, Bhopal, Sagar, Balaghat, Hoshangabad, Sehore, Narsinghpur, Chhatarpur, Damoh, Jabalpur, Panna, Katni in next 3 hours.",,Mod Rain with MTS,,,False,,2026-09-21T03:30:03.382212+00:00
68838ec5-0dcb-4d9d-9a7a-f305eb1a4a3b,1789919352741010,SACHET,Assam-SDMA,Actual,Update,Met,Flood,Future,MODERATE,Moderate,Likely,2026-09-20T15:51:08+00:00,2026-09-20T15:51:10+00:00,2026-09-20T15:30:00+00:00,2026-09-20T15:51:08+00:00,2026-09-21T03:30:00+00:00,"Due to continuous increase of water level of River Brahmaputra at Dibrugarh in Dibrugarh district of Assam, Citizens are advised to stay away from the river. Issued in Public Interest by ASDMA.","River Brahmaputra at Dibrugarh in Dibrugarh district of Assam continues to flow in above normal flood situation at 9:00 pm today. At 9:00 pm, it was flowing at a level of 105.04 m with rising trend which is 0.34 m above its Warning Level of 104.7 m and 0.66 m below its Danger Level of 105.7 m.","Brahmaputra, Dibrugarh, Dibrugarh, Assam",,,False,,2026-09-21T03:30:03.737821+00:00
ba1c84d8-0615-44ec-9afa-2705167e0a96,1789918894082008,SACHET,Andhra-Pradesh-SDMA,Actual,Alert,Met,Lightning,Expected,HIGH,Severe,Possible,2026-09-20T15:41:34+00:00,2026-09-20T15:42:27+00:00,2026-09-20T15:40:00+00:00,2026-09-20T15:42:25+00:00,2026-09-20T16:40:00+00:00,"Lightning is Likely to occur over mkp-chandrasekharapuram, mkp-kanigiri, mkp-veligandla, mkp-hanumanthunipadu mandals . Please follow SDMA guidelines.",,"mkp-chandrasekharapuram, mkp-kanigiri, mkp-veligandla, mkp-hanumanthunipadu mandals",,,False,,2026-09-21T03:30:04.094903+00:00
e4e76755-42b5-40f0-814b-52a122739dc9,1789916877126017,SACHET,West-Bengal-SDMA,Actual,Update,Met,Thunderstorm with Lightning,Expected,MODERATE,Moderate,Likely,2026-09-20T15:12:31+00:00,2026-09-20T15:12:33+00:00,2026-09-20T15:07:00+00:00,2026-09-20T15:12:31+00:00,2026-09-20T18:07:00+00:00,"Light to moderate Thunderstorm  lightning accompanied with light to moderate rain and gusty wind with speed 30-40 kmph. very likely to affect over some parts of East Midnapore, West Midnapore districts during next 2-3 hours from 20:38, 20-09-2026.",,some parts,,,False,,2026-09-21T03:30:04.449925+00:00
a6f5490f-5eb8-4fe9-8dfe-9786b87f7b7f,1789916758733008,SACHET,Andhra-Pradesh-SDMA,Actual,Alert,Met,Lightning,Expected,HIGH,Severe,Possible,2026-09-20T15:05:58+00:00,2026-09-20T15:06:45+00:00,2026-09-20T15:05:00+00:00,2026-09-20T15:06:43+00:00,2026-09-20T16:05:00+00:00,"There is a possibility of lightning in your area. During thunderstorms, avoid trees, towers, poles, fields, and open spaces. Seek shelter in safe buildings - Andhra Pradesh Government.",,6 Mandals,,,False,,2026-09-21T03:30:04.804225+00:00
046cc3f9-aa17-4297-90e9-189316835bd0,1789914217785019,SACHET,Karnataka-SNDMC,Actual,Update,Met,Thunderstorm,Expected,MODERATE,Moderate,Possible,2026-09-20T14:27:21+00:00,2026-09-20T14:27:24+00:00,2026-09-20T14:22:00+00:00,2026-09-20T14:27:21+00:00,2026-09-20T17:22:00+00:00,"Thunderstorm is likely to occur at isolated places over Bengaluru Rural, Bengaluru Urban, Mandya, Ramanagara districts in next 3 hours. Source : IMD Bengaluru",,4 districts of Karnataka,"[""526"", ""525"", ""544"", ""631""]",,False,,2026-09-21T03:30:05.161110+00:00
34862b6d-edb8-42eb-a7d5-1891de173632,1789913541831028,SACHET,Rajasthan-SDMA,Actual,Update,Met,Light Thunderstorm with surface wind,Expected,MODERATE,Moderate,Possible,2026-09-20T14:14:00+00:00,2026-09-20T14:14:01+00:00,2026-09-20T14:11:00+00:00,2026-09-20T14:14:00+00:00,2026-09-20T17:11:00+00:00,Light Thunderstorm with surface wind(30-40 KMPH) and light rain  is likely to occur at isolated places over Jaisalmer in next 3 hours.,,Jaisalmer district of Rajasthan,"[""103""]",,False,,2026-09-21T03:30:05.518013+00:00
cdabb673-8dd0-4ea3-b3c5-4aeefb82b974,1789913256623041,SACHET,Puducherry-SDMA,Actual,Update,Met,Moderate Rain,Expected,MODERATE,Moderate,Possible,2026-09-20T14:10:07+00:00,2026-09-20T14:10:08+00:00,2026-09-20T14:11:00+00:00,2026-09-20T14:10:07+00:00,2026-09-20T16:30:00+00:00,"Light to Mod. RA with lt TSL is likely to occur at Isol. places over ARY, CMB, CDL, DRM, Dindigul, ERD, Kallakurichi, Karur, K.giri, MDR, NPT, Namakkal, Perambalur, PDKT, RMD, SLM, Sivaganga, Tenkasi, TNJ, Theni, TRP, Tirupathur, Tiruppur, T.Mlai, VLR, VLP, VRD PDC in next 3 hours.",,Pondicherry district of Puducherry,"[""600""]",,False,,2026-09-21T03:30:40.638503+00:00
4b044c89-9ccb-4d8a-93e0-151f7dbd72b4,1789912816962023,SACHET,Dadra-and-Nagar-Haveli-and-Daman-and-Diu-SDMA,Actual,Update,Met,Light Rain,Expected,MODERATE,Moderate,Likely,2026-09-20T14:08:19+00:00,2026-09-20T14:08:21+00:00,2026-09-20T13:55:00+00:00,2026-09-20T14:08:19+00:00,2026-09-20T16:55:00+00:00,"Light rain is very likely to occur at isolated places over Dadra Nagar Haveli, Daman and Diu districts in next 3 hours.",,Dadra And Nagar Haveli district of Dadra and Nagar Haveli and Daman and Diu,"[""464"", ""463"", ""465""]",,False,,2026-09-21T03:30:40.999707+00:00
f3079811-5c15-4233-a947-9508ef2052a5,1789913253801007,SACHET,IMD-Chennai,Actual,Alert,Met,Moderate Rain,Expected,MODERATE,Moderate,Possible,2026-09-20T14:06:58+00:00,2026-09-20T14:07:37+00:00,2026-09-20T14:11:00+00:00,2026-09-20T14:07:34+00:00,2026-09-20T16:30:00+00:00,"Light to Mod. RA with lt TSL is likely to occur at Isol. places over ARY, CMB, CDL, DRM, Dindigul, ERD, Kallakurichi, Karur, K.giri, MDR, NPT, Namakkal, Perambalur, PDKT, RMD, SLM, Sivaganga, Tenkasi, TNJ, Theni, TRP, Tirupathur, Tiruppur, T.Mlai, VLR, VLP, VRD PDC in next 3 hours.",,"Ariyalur, Coimbatore, Cuddalore, Dharmapuri, Dindigul, Erode, Kallakurichi, Karur, Krishnagiri, Madurai, Nagapattinam, Namakkal, Perambalur, Pudukkottai, Ramanathapuram, Salem, Sivaganga, Tenkasi, Thanjavur, Theni, Tiruchirappalli, Tirupathur, Tiruppur, Tiruvannamalai, Vellore, Viluppuram, Virudhunagar districts of Tamil Nadu","[""577"", ""586"", ""579"", ""596"", ""732"", ""588"", ""591"", ""595"", ""733"", ""582"", ""593"", ""572"", ""581"", ""610"", ""584"", ""569"", ""580"", ""585"", ""570"", ""729"", ""578"", ""573"", ""634"", ""571"", ""576"", ""583"", ""597""]",,False,,2026-09-21T03:30:41.364673+00:00
b0cbf524-a778-4a88-8d69-06088fc16de1,1789910005383021,SACHET,Madhya-Pradesh-SDMA,Actual,Update,Met,Moderate Rain,Expected,HIGH,Severe,Possible,2026-09-20T14:07:02+00:00,2026-09-20T14:07:04+00:00,2026-09-20T13:30:00+00:00,2026-09-20T14:07:02+00:00,2026-09-20T16:30:00+00:00,"*Moderate Thunderstorm with Lightning/Moderate Rain* is likely to occur over Narmadapuram, Harda, Betul, Chhatarpur, Panna, Damoh, Satna, Maihar, Rewa, Mauganj, Sidhi, Singrauli, Chhindwara, Pandhurna, Seoni, Balaghat, Mandla, Dindori, Narsinghpur, Jabalpur, Katni, Umaria, Shahdol, Anuppur, Raisen, Sagar,",,MOD TSRA,,,False,,2026-09-21T03:30:41.736418+00:00
bfc1ded4-bb4c-4959-a9fb-319c66f0c7aa,1789912808156020,SACHET,Gujarat-SDMA,Actual,Update,Met,Light Rain,Expected,MODERATE,Moderate,Likely,2026-09-20T14:03:29+00:00,2026-09-20T14:03:31+00:00,2026-09-20T13:55:00+00:00,2026-09-20T14:03:29+00:00,2026-09-20T16:55:00+00:00,"Light RA is very likely to occur at isolated places over Ahmedabad,Amreli,Anand,Arvalli,Bharuch, Bhavnagar,Botad,Chhotaudepur,Dahod,Gandhinagar,GirSomnath,Kheda,Mahesana,Mahisagar, Narmada,Navsari,PanchMahl,Patan,SabarKantha,Surat,Tapi,Dangs,Vadodara,Valsad,Dadra And NagarHaveli,Daman,Diu in next 3 hours.",,24 districts of Gujarat,"[""458"", ""672"", ""668"", ""438"", ""444"", ""675"", ""461"", ""446"", ""443"", ""450"", ""439"", ""442"", ""453"", ""641"", ""455"", ""459"", ""440"", ""454"", ""676"", ""452"", ""462"", ""451"", ""445"", ""669""]",,False,,2026-09-21T03:30:42.097327+00:00
380af779-f905-4f74-8c94-8a4a7a6c474b,1789912316273020,SACHET,Gujarat-SDMA,Actual,Update,Met,Moderate Rain,Expected,HIGH,Severe,Likely,2026-09-20T13:57:23+00:00,2026-09-20T13:57:25+00:00,2026-09-20T13:42:00+00:00,2026-09-20T13:57:23+00:00,2026-09-20T16:42:00+00:00,"Moderate Rain accompanied light thunderstorm with probablity of cloud to ground lightning is very likely to occur at isolated places over Banas Kantha, Devbhumi Dwarka, Jamnagar, Junagadh, Kachchh, Morbi, Porbandar, Rajkot, Surendranagar in next 3 hours.",,9 districts of Gujarat,"[""674"", ""456"", ""673"", ""447"", ""448"", ""441"", ""460"", ""449"", ""457""]",,False,,2026-09-21T03:30:42.498686+00:00
0232cefc-d4b4-4af4-9075-bc5706315252,1789911980512019,SACHET,Karnataka-SNDMC,Actual,Update,Met,Thunderstorm,Expected,MODERATE,Moderate,Possible,2026-09-20T13:48:58+00:00,2026-09-20T13:49:00+00:00,2026-09-20T13:44:00+00:00,2026-09-20T13:48:58+00:00,2026-09-20T16:44:00+00:00,"ಮುಂದಿನ 3 ಗಂಟೆಗಳಲ್ಲಿ ಬಾಗಲಕೋಟೆ, ಬೆಳಗಾವಿ, ಬೀದರ್, ಚಾಮರಾಜನಗರ, ದಕ್ಷಿಣ ಕನ್ನಡ, ಧಾರವಾಡ, ಹಾಸನ, ಕಲಬುರಗಿ, ಕೊಡಗು, ಮೈಸೂರು, ವಿಜಯಪುರ ಜಿಲ್ಲೆಗಳಲ್ಲಿ ಒಂದು ಅಥವಾ ಎರಡು ಕಡೆ ಗುಡುಗು ಸಹಿತ ಮಳೆಯಾಗುವ ಸಾಧ್ಯತೆ ಇದೆ.",,11 districts of Karnataka,"[""524"", ""530"", ""527"", ""531"", ""545"", ""529"", ""539"", ""534"", ""538"", ""541"", ""536""]",,False,,2026-09-21T03:30:42.854135+00:00
aef54a1b-d334-477a-b233-444f9dd8b6a6,1789911493347029,SACHET,Maharashtra-SDMA,Actual,Update,Met,Light Rain,Expected,MODERATE,Moderate,Likely,2026-09-20T13:46:16+00:00,2026-09-20T13:46:20+00:00,2026-09-20T13:30:00+00:00,2026-09-20T13:46:16+00:00,2026-09-20T16:30:00+00:00,"पुढील ३ तासात आपल्या जिल्ह्यात काही ठिकाणी मेघगर्जना आणि विजांच्या कडकडाटासह हलका ते मध्यम पाऊस पडण्याची दाट शक्यता आहे. नागरिकांनी सतर्क राहावे. मंत्रालय, मुंबई.",,8 districts of Maharashtra,"[""466"", ""479"", ""492"", ""490"", ""480"", ""496"", ""494"", ""495""]",,False,,2026-09-21T03:30:43.222072+00:00
b6fdf9ed-ce68-4e63-bef0-b9047d6b8e73,1789911487301029,SACHET,Maharashtra-SDMA,Actual,Update,Met,Moderate Rain,Expected,MODERATE,Moderate,Likely,2026-09-20T13:42:35+00:00,2026-09-20T13:42:38+00:00,2026-09-20T13:30:00+00:00,2026-09-20T13:42:35+00:00,2026-09-20T16:30:00+00:00,"Thunderstorm accompanied with lightning and light to moderate spells of rain with gusty winds reaching 30-40 kmph very likely to occur at isolated places over Beed, Dharashiv, Hingoli, Latur, Nanded, Parbhani, Sangli in next 3 hours.",,7 districts of Maharashtra,"[""493"", ""470"", ""481"", ""488"", ""477"", ""485"", ""489""]",,False,,2026-09-21T03:30:43.590471+00:00
bd730f45-2bad-43f4-adca-bf89c018b092,1789911748349027,SACHET,IMD-Ranchi,Actual,Alert,Met,Light Thunderstorm with surface wind,Expected,MODERATE,Moderate,Likely,2026-09-20T13:42:11+00:00,2026-09-20T13:42:30+00:00,2026-09-20T13:41:00+00:00,2026-09-20T13:42:28+00:00,2026-09-20T16:41:00+00:00,"Light Thunderstorm and rain with surface wind ( gusting upto 30-40 kmph )  is very likely to occur at isolated places over Gumla, Lohardaga, Ranchi in next 3 hours.",,"Gumla, Lohardaga, Ranchi districts of Jharkhand","[""331"", ""339"", ""336""]",,False,,2026-09-21T03:30:43.950525+00:00
8bba3a95-b1fb-4efd-ba31-28d0881f3d20,1789910046392006,SACHET,Kerala-SDMA,Actual,Update,Met,Very Heavy Rain,Expected,HIGH,Severe,Likely,2026-09-20T13:24:08+00:00,2026-09-20T13:24:10+00:00,2026-09-20T13:11:00+00:00,2026-09-20T13:24:08+00:00,2026-09-21T03:00:00+00:00,"Very Heavy Rain is very likely to occur at isolated places over Idukki, Kottayam in next 24 hours.",,"Idukki,Kottayam districts of Kerala","[""556"", ""560""]",,False,,2026-09-21T03:30:44.308102+00:00
9ba772cb-0492-4fa1-96f1-e75a21e324dc,1789907551015027,SACHET,Jharkhand-SDMA,Actual,Update,Met,Light Thunderstorm with surface wind,Expected,MODERATE,Moderate,Possible,2026-09-20T13:19:02+00:00,2026-09-20T13:19:06+00:00,2026-09-20T12:31:00+00:00,2026-09-20T13:19:02+00:00,2026-09-20T15:31:00+00:00,"Light Thunderstorm and lightning accompanied rain with surface wind is likely to occur at isolated places over Chatra, Hazaribagh in next 3 hours. Disaster Management Department Ranchi Jharkhand",,"Chatra,Hazaribagh districts of Jharkhand","[""323"", ""332""]",,False,,2026-09-21T03:30:44.665470+00:00
73426859-6194-4f72-8f80-9aedadad3fc0,1789905868133027,SACHET,Jharkhand-SDMA,Actual,Update,Met,Light Thunderstorm with surface wind,Expected,MODERATE,Moderate,Possible,2026-09-20T13:17:49+00:00,2026-09-20T13:17:52+00:00,2026-09-20T12:03:00+00:00,2026-09-20T13:17:49+00:00,2026-09-20T15:03:00+00:00,"Light Thunderstorm and lightning accompanied rain with surface wind is likely to occur at isolated places over Koderma, Latehar, Palamu in next 3 hours. Disaster Management Department Ranchi Jharkhand",,"Koderma,Latehar,Palamu districts of Jharkhand","[""338"", ""335"", ""334""]",,False,,2026-09-21T03:30:45.066009+00:00
cd74c28c-fb41-4624-8e67-e082a5514cb6,1789909031311017,SACHET,West-Bengal-SDMA,Actual,Update,Met,Flood,Future,MODERATE,Moderate,Possible,2026-09-20T12:58:06+00:00,2026-09-20T12:58:07+00:00,2026-09-20T12:30:00+00:00,2026-09-20T12:58:06+00:00,2026-09-20T18:30:00+00:00,River Tista at Mekhliganj in Coochbehar district of West Bengal continues to flow in above normal flood situation at 6:00 pm today.,"River Tista at Mekhliganj in Coochbehar district of West Bengal continues to flow in above normal flood situation at 6:00 pm today. At 6:00 pm, it was flowing at a level of 65.76 m with falling trend which is 0.31 m above its Warning Level of 65.45 m and 0.19 m below its Danger Level of 65.95 m.","Tista, Mekhliganj, Coochbehar, West Bengal",,,False,,2026-09-21T03:30:45.426385+00:00
51880b33-a2fe-45eb-a15c-d1594b721bc8,1789908726375009,SACHET,Uttarakhand-SDMA,Actual,Update,Met,Thunderstorm with Lightning,Expected,MODERATE,Moderate,Possible,2026-09-20T12:53:22+00:00,2026-09-20T12:53:24+00:00,2026-09-20T12:50:00+00:00,2026-09-20T12:53:22+00:00,2026-09-20T15:50:00+00:00,"Light to moderate rain and Thunder accompanied with intense spell of rain/lightning is likely to occur at isolated places over Almora, Bageshwar, Chamoli, Champawat, Nainital, Pauri Garhwal, Pithoragarh, Rudraprayag, Tehri Garhwal, Uttarkashi in next 3 hours.",,"Isolated places over Pauri, Chamoli, Rudraprayag, hills of kumaaun region",,,False,,2026-09-21T03:30:45.789884+00:00
82d54380-6e46-42cc-8d8d-b47769d660f4,1789908498449016,SACHET,Bihar-SDMA,Actual,Update,Met,Flood,Expected,HIGH,Severe,Possible,2026-09-20T12:52:48+00:00,2026-09-20T12:52:49+00:00,2026-09-20T12:30:00+00:00,2026-09-20T12:52:48+00:00,2026-09-21T00:30:00+00:00,River Bagmati at Benibad in Muzaffarpur district of Bihar continues to flow in severe flood situation at 6:00 pm today.,"River Bagmati at Benibad in Muzaffarpur district of Bihar continues to flow in severe flood situation at 6:00 pm today. At 6:00 pm, it was flowing at a level of 49.44 m with steady trend which is 0.76 m above its Danger Level of 48.68 m and 0.68 m below its previous HFL of 50.12 m (07/10/2025).","Bagmati, Benibad, Muzaffarpur, Bihar",,,False,,2026-09-21T03:30:46.150382+00:00
13e2ce14-a409-4f72-8d8d-51e97fb8e1e5,1789908529588010,SACHET,Assam-SDMA,Actual,Update,Met,Flood,Future,MODERATE,Moderate,Possible,2026-09-20T12:52:47+00:00,2026-09-20T12:52:49+00:00,2026-09-20T12:30:00+00:00,2026-09-20T12:52:47+00:00,2026-09-21T12:30:00+00:00,"Due to continuous increase of water level of River Brahmaputra at Neamatighat in Jorhat district of Assam, Citizens are advised to stay away from the river. Issued in Public Interest by ASDMA.","River Brahmaputra at Neamatighat in Jorhat district of Assam continues to flow in above normal flood situation at 6:00 pm today. At 6:00 pm, it was flowing at a level of 85.23 m with falling trend which is 0.69 m above its Warning Level of 84.54 m and 0.31 m below its Danger Level of 85.54 m.","Brahmaputra, Neamatighat, Jorhat, Assam",,,False,,2026-09-21T03:30:46.511487+00:00
3bc87449-7fb0-4851-8d2e-d0c8042b2dbf,1789908529275010,SACHET,Assam-SDMA,Actual,Update,Met,Flood,Future,MODERATE,Moderate,Likely,2026-09-20T12:51:06+00:00,2026-09-20T12:51:07+00:00,2026-09-20T12:30:00+00:00,2026-09-20T12:51:06+00:00,2026-09-21T12:30:00+00:00,"Due to continuous increase of water level of River Brahmaputra at Tezpur in Sonitpur district of Assam, Citizens are advised to stay away from the river. Issued in Public Interest by ASDMA.","River Brahmaputra at Tezpur in Sonitpur district of Assam continues to flow in above normal flood situation at 6:00 pm today. At 6:00 pm, it was flowing at a level of 64.5 m with steady trend which is 0.27 m above its Warning Level of 64.23 m and 0.73 m below its Danger Level of 65.23 m.","Brahmaputra, Tezpur, Sonitpur, Assam",,,False,,2026-09-21T03:30:46.870793+00:00
a5cc56ad-f4c9-4de3-aa0f-1dc8c30d9785,1789907498271017,SACHET,West-Bengal-SDMA,Actual,Update,Met,Flood,Expected,HIGH,Severe,Possible,2026-09-20T12:33:31+00:00,2026-09-20T12:33:33+00:00,2026-09-20T12:30:00+00:00,2026-09-20T12:33:31+00:00,2026-09-22T02:30:00+00:00,River Ganga at Farakka in Murshidabad district of West Bengal continues to flow in severe flood situation at 6:00 pm today.,"River Ganga at Farakka in Murshidabad district of West Bengal continues to flow in severe flood situation at 6:00 pm today. At 6:00 pm, it was flowing at a level of 22.93 m with falling trend which is 0.68 m above its Danger Level of 22.25 m and 2.20 m below its previous HFL of 25.13 m (07/09/1998).","Ganga, Farakka, Murshidabad, West Bengal",,,False,,2026-09-21T03:30:47.233610+00:00
49a905f1-6684-4807-88c0-3e50e2f2599e,1789907203607008,SACHET,Andhra-Pradesh-SDMA,Actual,Alert,Met,Lightning,Expected,HIGH,Severe,Possible,2026-09-20T12:26:43+00:00,2026-09-20T12:27:20+00:00,2026-09-20T12:25:00+00:00,2026-09-20T12:27:18+00:00,2026-09-20T14:25:00+00:00,"మీ ప్రాంతంలో పిడుగులు పడే అవకాశం ఉంది.ఉరుములు మెరుపులతో కూడిన వర్షం పడేప్పుడు చెట్లు,టవర్స్,పోల్స్,పొలాలు,బహిరంగ ప్రదేశాల్లో ఉండరాదు.సురక్షితమైన భవనాల్లో ఆశ్రయం పొందండి-ఆంధ్రప్రదేశ్ ప్రభుత్వం.",,"plv-kunavaram, plv-chintur, plv-vararamachandrapuram mandals",,,False,,2026-09-21T03:30:47.600485+00:00
f9be7b23-3580-4315-991e-a68c016fd92f,1789907065028019,SACHET,Karnataka-SNDMC,Actual,Update,Met,Thunderstorm,Expected,MODERATE,Moderate,Possible,2026-09-20T12:26:39+00:00,2026-09-20T12:26:40+00:00,2026-09-20T12:22:00+00:00,2026-09-20T12:26:39+00:00,2026-09-20T15:22:00+00:00,"Thunderstorm is likely to occur at isolated places over Chamarajanagara, Kodagu, Mysuru districts in next 3 hours. IMD BNG",,"Chamarajanagara,Kodagu,Mysuru districts of Karnataka","[""531"", ""545"", ""541""]",,False,,2026-09-21T03:30:47.957411+00:00
1c55b260-4d90-4985-b780-e66d72f34024,1789906491736016,SACHET,Bihar-SDMA,Actual,Update,Met,Thunderstorm with Lightning,Expected,HIGH,Severe,Likely,2026-09-20T12:22:19+00:00,2026-09-20T12:22:21+00:00,2026-09-20T12:12:00+00:00,2026-09-20T12:22:19+00:00,2026-09-20T15:12:00+00:00,"During next 3 hours (05:50 PM to 08:50 PM), some parts of your area are very likely to experience moderate thunderstorm, lightning and rain accompanied with Gusty wind (30-40 kmph).",,tslg,,,False,,2026-09-21T03:30:48.318587+00:00
09e57de2-e705-4015-8ee1-832585b7a189,1789905852109013,SACHET,Uttar-Pradesh-SDMA,Actual,Update,Met,Moderate Rain,Expected,HIGH,Severe,Likely,2026-09-20T12:09:39+00:00,2026-09-20T12:09:41+00:00,2026-09-20T12:01:00+00:00,2026-09-20T12:09:39+00:00,2026-09-20T15:01:00+00:00,Light to Moderate spell of Rain with Thunder/Lightning is very likely to occur at a few places over Lalitpur in next 3 hours.,,Lalitpur,,,False,,2026-09-21T03:30:48.676708+00:00
80963bf0-00b5-471f-8af7-83080232cf69,1789904997404017,SACHET,West-Bengal-SDMA,Actual,Update,Met,Thunderstorm with Lightning,Expected,MODERATE,Moderate,Likely,2026-09-20T11:53:04+00:00,2026-09-20T11:53:05+00:00,2026-09-20T11:30:00+00:00,2026-09-20T11:53:04+00:00,2026-09-20T14:30:00+00:00,"Light to moderate Thunderstorm  lightning accompanied with light to moderate rain and gusty wind with speed 30-40 kmph. very likely to affect over some parts of East Midnapore, West Midnapore, Howrah, Hooghly districts during next 2-3 hours from 17:00, 20-09-2026.",,"some parts of East Midnapore, West Midnapore, Howrah, Hooghly districts",,,False,,2026-09-21T03:30:49.040952+00:00
8fc4a170-7b8f-4c2d-bbe7-5fd18884d777,1789899492243021,SACHET,Madhya-Pradesh-SDMA,Actual,Update,Met,Moderate Rain,Expected,HIGH,Severe,Possible,2026-09-20T11:48:03+00:00,2026-09-20T11:48:06+00:00,2026-09-20T10:30:00+00:00,2026-09-20T11:48:03+00:00,2026-09-20T13:30:00+00:00,मध्यम गरज के साथ बिजली गिरने/मध्यम बारिश होने की संभावना है।,,MOD TSRA,,,False,,2026-09-21T03:30:49.402164+00:00
ded27f25-0617-4f42-b4cd-c3e38a9da4a8,1789904645854028,SACHET,Rajasthan-SDMA,Actual,Update,Met,Light Thunderstorm with surface wind,Expected,MODERATE,Moderate,Possible,2026-09-20T11:45:29+00:00,2026-09-20T11:45:30+00:00,2026-09-20T11:43:00+00:00,2026-09-20T11:45:29+00:00,2026-09-20T14:43:00+00:00,"Light Thunderstorm with surface wind(30-40 kmph) with light rain  is likely to occur at isolated places over Jaisalmer, Phalodi in next 3 hours.",,"Jaisalmer,Phalodi districts of Rajasthan","[""103"", ""772""]",,False,,2026-09-21T03:31:32.432727+00:00
d941a29b-a278-49db-9185-a87bb2bc5d73,1789903375021029,SACHET,Maharashtra-SDMA,Actual,Update,Met,Moderate Thunderstorms with surface wind,Expected,HIGH,Severe,Likely,2026-09-20T11:32:53+00:00,2026-09-20T11:32:55+00:00,2026-09-20T10:30:00+00:00,2026-09-20T11:32:53+00:00,2026-09-20T13:30:00+00:00,"आपल्या जिल्ह्यात काही ठिकाणी विजांच्या कडकडाटासह, ४०-५० किमी वेगाने वारे आणि काही ठिकाणी हलक्या ते मध्यम पावसाची शक्यता आहे. नागरिकांनी सतर्क राहावे. मंत्रालय, मुंबई",,4 districts of Maharashtra,"[""475"", ""500"", ""498"", ""484""]",,False,,2026-09-21T03:31:32.790017+00:00
0650c819-4904-4c78-bfb0-c7393c7672cc,1789900835165029,SACHET,Maharashtra-SDMA,Actual,Update,Met,Light Thunderstorms,Expected,MODERATE,Moderate,Likely,2026-09-20T11:26:18+00:00,2026-09-20T11:26:20+00:00,2026-09-20T10:30:00+00:00,2026-09-20T11:26:18+00:00,2026-09-20T13:30:00+00:00,"पुढील ३ तासात आपल्या जिल्ह्यात काही ठिकाणी मेघगर्जना आणि विजांच्या कडकडाटासह हलका ते मध्यम पाऊस पडण्याची दाट शक्यता आहे. नागरिकांनी सतर्क राहावे. मंत्रालय, मुंबई.",,6 districts of Maharashtra,"[""491"", ""466"", ""490"", ""480"", ""489"", ""495""]",,False,,2026-09-21T03:31:33.153707+00:00
1fdfbe5a-ba62-4d30-b414-bbcb59f6ae20,1789900830515029,SACHET,Maharashtra-SDMA,Actual,Update,Met,Moderate Rain,Expected,MODERATE,Moderate,Likely,2026-09-20T11:23:35+00:00,2026-09-20T11:23:38+00:00,2026-09-20T10:30:00+00:00,2026-09-20T11:23:35+00:00,2026-09-20T13:30:00+00:00,"Thunderstorm accompanied with lightning and light to moderate spells of rain with gusty winds reaching 30-40 kmph very likely to occur at isolated places over Beed, Dharashiv, Latur, Nanded in next 3 hours.",,4 districts of Maharashtra,"[""470"", ""481"", ""488"", ""485""]",,False,,2026-09-21T03:31:33.524062+00:00
9dc60041-f9aa-4c11-9559-4bf05f8d7612,1789902337057029,SACHET,IMD-Nagpur,Actual,Cancel,Met,Moderate Rain,Expected,HIGH,Severe,Likely,2026-09-20T11:23:33+00:00,2026-09-20T11:23:34+00:00,2026-09-20T10:30:00+00:00,2026-09-20T11:05:20+00:00,2026-09-20T13:30:00+00:00,Thunderstorm accompanied with lightning and gusty winds speed reaching 40-50 kmph is very likely to occur at one or two places and light to moderate rainfall is very likely to occur at scattered places.,,"Gadchiroli, Wardha, Yavatmal districts of Maharashtra","[""475"", ""500"", ""498""]",,False,,2026-09-21T03:31:33.877407+00:00
902e6602-a62a-4a2a-b7d5-972c5366bfda,1789902707071016,SACHET,Bihar-SDMA,Actual,Update,Met,Thunderstorm with Lightning,Expected,HIGH,Severe,Likely,2026-09-20T11:17:30+00:00,2026-09-20T11:17:33+00:00,2026-09-20T11:10:00+00:00,2026-09-20T11:17:30+00:00,2026-09-20T14:10:00+00:00,"During next 3 hours (04:45 PM to 07:45 PM), some parts of your area are very likely to experience moderate thunderstorm, lightning and rain accompanied with Gusty wind (30-40 kmph).",,8 districts of Bihar,"[""221"", ""212"", ""209"", ""210"", ""219"", ""224"", ""220"", ""208""]",,False,,2026-09-21T03:31:34.259636+00:00
f78699b3-da4e-4ded-af92-3f99c6eb7770,1789902970074009,SACHET,Uttarakhand-SDMA,Actual,Update,Met,Thunderstorm with Lightning,Expected,MODERATE,Moderate,Possible,2026-09-20T11:17:24+00:00,2026-09-20T11:17:26+00:00,2026-09-20T11:15:00+00:00,2026-09-20T11:17:24+00:00,2026-09-20T14:15:00+00:00,"Light to moderate rain and Thunder accompanied with intense spell of rain/lightning is very likely to occur at most places over Dehradun, Rudraprayag, Tehri Garhwal, Uttarkashi in next 3 hours.",,Uttarkashi,,,False,,2026-09-21T03:31:34.604277+00:00
201cd7bf-0539-406f-b8f2-2acb54f8f05a,1789902244044007,SACHET,IMD-Chennai,Actual,Alert,Met,Moderate Rain,Expected,MODERATE,Moderate,Possible,2026-09-20T11:03:28+00:00,2026-09-20T11:04:07+00:00,2026-09-20T11:06:00+00:00,2026-09-20T11:04:04+00:00,2026-09-20T13:30:00+00:00,"Light to Moderate Rain with light Thunderstorm and lightning is likely to occur at isolated places over Chengalpattu, Dindigul, Kancheepuram, Madurai, Mayiladuthurai, Nagapattinam, Pudukkottai, Sivaganga, Thiruvarur, Tiruvannamalai, Viluppuram, Virudhunagar in next 3 hours.",,"Chengalpattu, Dindigul, Kancheepuram, Madurai, Mayiladuthurai, Nagapattinam, Pudukkottai, Sivaganga, Thiruvarur, Tiruvannamalai, Viluppuram, Virudhunagar districts of Tamil Nadu","[""574"", ""730"", ""579"", ""596"", ""582"", ""593"", ""572"", ""590"", ""585"", ""578"", ""735"", ""597""]",,False,,2026-09-21T03:31:34.953312+00:00
111bbab9-80b9-4517-ba82-cfb3be9d4bb1,1789896396752027,SACHET,Jharkhand-SDMA,Actual,Update,Met,Light Thunderstorm with surface wind,Expected,MODERATE,Moderate,Possible,2026-09-20T09:30:30+00:00,2026-09-20T09:26:39+00:00,2026-09-20T09:17:00+00:00,2026-09-20T09:30:30+00:00,2026-09-20T12:17:00+00:00,Light Thunderstorm and lightning accompanied rain with surface wind is likely to occur at isolated places over Lohardaga in next 3 hours. Disaster Management Department Ranchi Jharkhand,,5 districts of Jharkhand,"[""333"", ""325"", ""322"", ""336"", ""329""]",,False,,2026-09-21T03:31:40.261636+00:00
8cc5f1ba-685d-4565-a43a-d8b6a1c9793a,1789901978677019,SACHET,Karnataka-SNDMC,Actual,Update,Met,Thunderstorm,Expected,MODERATE,Moderate,Possible,2026-09-20T11:01:32+00:00,2026-09-20T11:01:34+00:00,2026-09-20T10:56:00+00:00,2026-09-20T11:01:32+00:00,2026-09-20T13:56:00+00:00,"Thunderstorm is likely to occur at isolated places over Bagalakote, Belagavi, Bidar, Chikkaballapura, Dakshina Kannada, Hassan, Kalaburagi, Kolar, Koppal, Raichur, Vijayapura, Yadgir districts in next 3 hours. IMD BNG",,12 districts of Karnataka,"[""524"", ""543"", ""530"", ""527"", ""529"", ""539"", ""534"", ""538"", ""635"", ""546"", ""542"", ""630""]",,False,,2026-09-21T03:31:35.310305+00:00
56ee9b22-c86a-4f6e-969e-804577db4a3e,1789900912173028,SACHET,Rajasthan-SDMA,Actual,Update,Met,Thunderstorm with Lightning,Expected,MODERATE,Moderate,Likely,2026-09-20T10:43:56+00:00,2026-09-20T10:43:58+00:00,2026-09-20T10:40:00+00:00,2026-09-20T10:43:56+00:00,2026-09-20T13:40:00+00:00,"Thunderstorm with Lightning and light rain with surface wind (30-40 kmph)is very likely to occur at isolated places over Ajmer, Alwar, Baran, Bhilwara, Bikaner, Chittorgarh, Dausa, Jaipur, Salumbar, Tonk, Udaipur in next 3 hours.",,11 districts of Rajasthan,"[""777"", ""97"", ""102"", ""87"", ""116"", ""117"", ""92"", ""93"", ""95"", ""86"", ""89""]",,False,,2026-09-21T03:31:35.665821+00:00
6c9fe5c9-5b0b-4106-b961-2e7eb5df50c8,1789900679274008,SACHET,Andhra-Pradesh-SDMA,Actual,Alert,Met,Lightning,Expected,HIGH,Severe,Possible,2026-09-20T10:37:59+00:00,2026-09-20T10:38:36+00:00,2026-09-20T10:35:00+00:00,2026-09-20T10:38:34+00:00,2026-09-20T12:35:00+00:00,"There is a possibility of lightning in your area. During thunderstorms, avoid trees, towers, poles, fields, and open spaces. Seek shelter in safe buildings - Andhra Pradesh Government.",,"ankp-munagapaka, ankp-atchutapuram, ankp-kasimkota, ankp-anakapalli mandals",,,False,,2026-09-21T03:31:36.015978+00:00
efdeba4c-6e9b-4fcc-8c48-34beb8b1048d,1789899014578023,SACHET,Dadra-and-Nagar-Haveli-and-Daman-and-Diu-SDMA,Actual,Update,Met,Moderate Rain,Expected,HIGH,Severe,Likely,2026-09-20T10:27:03+00:00,2026-09-20T10:27:05+00:00,2026-09-20T10:09:00+00:00,2026-09-20T10:27:03+00:00,2026-09-20T13:09:00+00:00,Moderate rain is very likely to occur at isolated places over Diu district in next 3 hours.,,Diu district of Dadra and Nagar Haveli and Daman and Diu,"[""464""]",,False,,2026-09-21T03:31:36.366706+00:00
980a22f8-c7bd-4a2e-8047-77095092bc25,1789899128905023,SACHET,Dadra-and-Nagar-Haveli-and-Daman-and-Diu-SDMA,Actual,Update,Met,Light Rain,Expected,MODERATE,Moderate,Likely,2026-09-20T10:23:19+00:00,2026-09-20T10:23:20+00:00,2026-09-20T10:11:00+00:00,2026-09-20T10:23:19+00:00,2026-09-20T13:11:00+00:00,Light rain is very likely to occur at isolated places over Dadra Nagar Haveli and Daman districts in next 3 hours.,,Dadra And Nagar Haveli district of Dadra and Nagar Haveli and Daman and Diu,"[""463"", ""465""]",,False,,2026-09-21T03:31:36.720666+00:00
bab8f4d1-94d0-4461-b458-b49f9db5ca50,1789899527417008,SACHET,Andhra-Pradesh-SDMA,Actual,Alert,Met,Lightning,Expected,HIGH,Severe,Possible,2026-09-20T10:18:47+00:00,2026-09-20T10:19:23+00:00,2026-09-20T10:20:00+00:00,2026-09-20T10:19:21+00:00,2026-09-20T12:20:00+00:00,"There is a possibility of lightning in your area. During thunderstorms, avoid trees, towers, poles, fields, and open spaces. Seek shelter in safe buildings - Andhra Pradesh Government.",,"asr-paderu, asr-gmadugula mandals",,,False,,2026-09-21T03:31:37.089979+00:00
e3cf102b-2206-4374-b419-29a854745a79,1789899015732020,SACHET,Gujarat-SDMA,Actual,Update,Met,Moderate Rain,Expected,HIGH,Severe,Likely,2026-09-20T10:18:46+00:00,2026-09-20T10:18:49+00:00,2026-09-20T10:09:00+00:00,2026-09-20T10:18:46+00:00,2026-09-20T13:09:00+00:00,"Moderate Rain is very likely to occur at isolated places over Diu, Ahmedabad, Amreli, Anand, Arvalli, Bharuch, Bhavnagar, Botad, Gandhinagar, Gir Somnath, Jamnagar, Junagadh, Kheda, Mahesana, Mahisagar, Morbi, Porbandar, Rajkot, Sabar Kantha, Surendranagar in next 3 hours.",,19 districts of Gujarat,"[""458"", ""672"", ""438"", ""456"", ""673"", ""447"", ""675"", ""448"", ""446"", ""443"", ""450"", ""439"", ""442"", ""460"", ""440"", ""676"", ""457"", ""451"", ""669""]",,False,,2026-09-21T03:31:37.443726+00:00
d9c68a86-8635-47c0-9cef-bb7c4295e284,1789899378089037,SACHET,IMD-Gangtok,Actual,Alert,Met,Thunderstorm with Lightning,Expected,MODERATE,Moderate,Likely,2026-09-20T10:14:09+00:00,2026-09-20T10:16:24+00:00,2026-09-20T10:05:00+00:00,2026-09-20T10:16:19+00:00,2026-09-20T13:05:00+00:00,"Light to moderate Thunderstorm and lightning accompanied with light to moderate rain very likely to affect over some parts of Mangan, Gangtok, Pakyong, Gyalshing, Soreng, Namchi districts during next 2-3 hours from 15:35, 20-09-2026.",,"Gangtok, Gyalshing, Mangan, Namchi, Pakyong, Soreng districts of Sikkim","[""742"", ""228"", ""227"", ""225"", ""226"", ""741""]",,False,,2026-09-21T03:31:37.792620+00:00
f9a46d7e-ff80-4c3a-9611-c6cdbe6f21f8,1789899182042016,SACHET,Bihar-SDMA,Actual,Update,Met,Thunderstorm with Lightning,Expected,MODERATE,Moderate,Likely,2026-09-20T10:15:24+00:00,2026-09-20T10:15:26+00:00,2026-09-20T10:10:00+00:00,2026-09-20T10:15:24+00:00,2026-09-20T13:10:00+00:00,"During next 3 hours (03:45 PM to 06:45 PM), some parts of your area are likely to experience light to moderate thunderstorm, lightning and rain accompanied with Gusty wind (30-40 kmph).",,"Khagaria,Munger,Saharsa districts of Bihar","[""216"", ""202"", ""207""]",,False,,2026-09-21T03:31:38.143610+00:00
568ebd4f-99e4-4ffe-bb85-f344686b8805,1789899130008020,SACHET,Gujarat-SDMA,Actual,Update,Met,Light Rain,Expected,MODERATE,Moderate,Likely,2026-09-20T10:14:30+00:00,2026-09-20T10:14:32+00:00,2026-09-20T10:11:00+00:00,2026-09-20T10:14:30+00:00,2026-09-20T13:11:00+00:00,"Light Rain is very likely to occur at isolated places over Dadra And Nagar Haveli, Daman, Banas Kantha, Chhotaudepur, Dahod, Devbhumi Dwarka, Kachchh, Narmada, Navsari, Panch Mahals, Patan, Surat, Tapi, The Dangs, Vadodara, Valsad in next 3 hours.",,14 districts of Gujarat,"[""674"", ""668"", ""444"", ""441"", ""461"", ""453"", ""641"", ""455"", ""459"", ""454"", ""452"", ""449"", ""462"", ""445""]",,False,,2026-09-21T03:31:38.497942+00:00
e7842b68-27e5-4364-9a46-9a5f82d81354,1789898844931016,SACHET,Bihar-SDMA,Actual,Update,Met,Thunderstorm with Lightning,Expected,HIGH,Severe,Likely,2026-09-20T10:14:00+00:00,2026-09-20T10:14:02+00:00,2026-09-20T10:05:00+00:00,2026-09-20T10:14:00+00:00,2026-09-20T13:05:00+00:00,"During next 3 hours (03:45 PM to 06:45 PM), some parts of your area are likely to experience light to moderate thunderstorm, lightning and rain accompanied with Gusty wind (30-40 kmph).",,6 districts of Bihar,"[""198"", ""217"", ""204"", ""195"", ""191"", ""206""]",,False,,2026-09-21T03:31:38.851844+00:00
76733dc5-e934-4e8c-af51-8052a0ab716b,1789898799361016,SACHET,CWC,Actual,Alert,Met,Flood,Future,MODERATE,Moderate,Likely,2026-09-20T10:06:15+00:00,2026-09-20T10:06:41+00:00,2026-09-20T09:30:00+00:00,2026-09-20T10:06:39+00:00,2026-09-21T01:30:00+00:00,River Kosi at Basua in Supaul district of Bihar continues to flow in above normal flood situation at 3:00 pm today.,"River Kosi at Basua in Supaul district of Bihar continues to flow in above normal flood situation at 3:00 pm today. At 3:00 pm, it was flowing at a level of 46.77 m with falling trend which is 0.02 m above its Warning Level of 46.75 m and 0.98 m below its Danger Level of 47.75 m.","Kosi, Basua, Supaul, Bihar",,,False,,2026-09-21T03:31:39.203536+00:00
b1d713fa-8516-4158-800f-9073eb263e10,1789896729085018,SACHET,IMD-Raipur,Actual,Update,Met,Thunderstorm with Lightning,Expected,MODERATE,Moderate,Possible,2026-09-20T09:31:54+00:00,2026-09-20T09:32:12+00:00,2026-09-20T09:21:00+00:00,2026-09-20T09:32:10+00:00,2026-09-20T12:21:00+00:00,"TS with Lightning surface wind and rain is likely to occur at isolated places over Balodabazar,Balrampur, Bastar, Bemetara,Bilaspur,Durg,Gariyaband, GPM, JC, Jashpur, Kabeerdham, KCG, Korba, Koriya, Mahasamund, MCB, MMAC, Mungeli, Raigarh, Raipur, Rajnandgaon, Sakti, SB, Surajpur, Surguja in next 3 hours.",,"Balodabazar, Balrampur, Bastar, Bemetara, Bilaspur, Durg, Gariyaband, Gaurella Pendra Marwahi, Janjgir-Champa, Jashpur, Kabeerdham, Khairgarh Chhuikhadan Gandai, Korba, Koriya, Mahasamund, Manendragarh Chirimiri Bharatpur, Mohla Manpur Ambagarh Chouki, Mungeli, Raigarh, Raipur, Rajnandgaon, Sakti, Sarangarh Bilaigarh, Surajpur, Surguja districts of Chhattisgarh","[""649"", ""763"", ""759"", ""734"", ""760"", ""644"", ""761"", ""384"", ""388"", ""374"", ""375"", ""379"", ""380"", ""383"", ""385"", ""386"", ""389"", ""645"", ""647"", ""382"", ""378"", ""762"", ""650"", ""648"", ""387""]",,False,,2026-09-21T03:31:39.553058+00:00
93b2c73e-0f6a-45b2-918c-586aeb63e20c,1789896845466018,SACHET,IMD-Raipur,Actual,Alert,Met,Heavy Rain,Expected,MODERATE,Moderate,Possible,2026-09-20T09:33:17+00:00,2026-09-20T09:34:08+00:00,2026-09-20T09:32:00+00:00,2026-09-20T09:34:05+00:00,2026-09-21T09:32:00+00:00,"Heavy Rain is likely to occur at isolated places over Bastar, Bijapur, Dhamtari, Gariyaband, Kanker, Kondagaon, Narayanpur in next 24 hours.",,"Bastar, Bijapur, Dhamtari, Gariyaband, Kanker, Kondagaon, Narayanpur districts of Chhattisgarh","[""381"", ""374"", ""636"", ""637"", ""643"", ""645"", ""377""]",,False,,2026-09-21T03:31:39.909466+00:00
d5b2d828-0634-40c0-b425-a9e145bf95eb,1789896631348018,SACHET,IMD-Raipur,Actual,Alert,Met,Thunderstorm with Lightning,Expected,MODERATE,Moderate,Possible,2026-09-20T09:30:11+00:00,2026-09-20T09:30:33+00:00,2026-09-20T09:21:00+00:00,2026-09-20T09:30:31+00:00,2026-09-20T12:21:00+00:00,"TS with Lightning surface wind and rain is likely to occur at isolated places over Balodabazar, Balrampur, Bemetara, Bilaspur, Durg, Gariyaband, GPM, JC, Jashpur, Kabeerdham, KCG, Korba, Koriya, Mahasamund, MCB, MMAC, Mungeli, Raigarh, Raipur, Rajnandgaon, Sakti, SB, Surajpur, Surguja in next 3 hours.",,"Balodabazar, Balrampur, Bemetara, Bilaspur, Durg, Gariyaband, Gaurella Pendra Marwahi, Janjgir-Champa, Jashpur, Kabeerdham, Khairgarh Chhuikhadan Gandai, Korba, Koriya, Mahasamund, Manendragarh Chirimiri Bharatpur, Mohla Manpur Ambagarh Chouki, Mungeli, Raigarh, Raipur, Rajnandgaon, Sakti, Sarangarh Bilaigarh, Surajpur, Surguja districts of Chhattisgarh","[""649"", ""763"", ""759"", ""734"", ""760"", ""644"", ""761"", ""384"", ""388"", ""375"", ""379"", ""380"", ""383"", ""385"", ""386"", ""389"", ""645"", ""647"", ""382"", ""378"", ""762"", ""650"", ""648"", ""387""]",,False,,2026-09-21T03:31:40.615068+00:00
43a7ea6a-531c-4013-b128-e50fa0260fd2,1789958702773019,SACHET,Karnataka-SNDMC,Actual,Update,Met,Thunderstorm with Lightning,Expected,MODERATE,Moderate,Possible,2026-09-21T02:46:42+00:00,2026-09-21T02:46:43+00:00,2026-09-21T02:44:00+00:00,2026-09-21T02:46:42+00:00,2026-09-21T05:44:00+00:00,Thunderstorm with Lightning is likely to occur at isolated places over Dakshina Kannada districts in next 3 hours. Source : IMD Bengaluru,,Dakshina Kannada district of Karnataka,"[""534""]",,False,,2026-09-21T03:32:46.999886+00:00
c8b3c11c-455c-4e65-b73e-89e35f3ec59f,1789961754597013,SACHET,Uttar-Pradesh-SDMA,Actual,Update,Met,Flood,Future,MODERATE,Moderate,Possible,2026-09-21T03:39:38+00:00,2026-09-21T03:39:40+00:00,2026-09-21T02:30:00+00:00,2026-09-21T03:39:38+00:00,2026-09-22T03:30:00+00:00,River Ganga at Dabri in Shahjahanpur district of Uttar Pradesh continues to flow in above normal flood situation at 8:00 am today.,"River Ganga at Dabri in Shahjahanpur district of Uttar Pradesh continues to flow in above normal flood situation at 8:00 am today. At 8:00 am, it was flowing at a level of 136.45 m with falling trend which is 0.15 m above its Warning Level of 136.3 m and 0.85 m below its Danger Level of 137.3 m.","Ganga, Dabri, Shahjahanpur, Uttar Pradesh",,,False,,2026-09-21T03:40:10.864787+00:00
0865d050-286f-43b4-a83b-c4f2fa258a98,1789962091777010,SACHET,Assam-SDMA,Actual,Update,Met,Flood,Future,MODERATE,Moderate,Possible,2026-09-21T03:43:49+00:00,2026-09-21T03:43:50+00:00,2026-09-21T03:30:00+00:00,2026-09-21T03:43:49+00:00,2026-09-21T15:30:00+00:00,"Due to continuous increase of water level of River Brahmaputra at Dibrugarh in Dibrugarh district of Assam, Citizens are advised to stay away from the river. Issued in Public Interest by ASDMA.","River Brahmaputra at Dibrugarh in Dibrugarh district of Assam continues to flow in above normal flood situation at 9:00 am today. At 9:00 am, it was flowing at a level of 105.01 m with rising trend which is 0.31 m above its Warning Level of 104.7 m and 0.69 m below its Danger Level of 105.7 m.","Brahmaputra, Dibrugarh, Dibrugarh, Assam",,,False,,2026-09-21T03:45:13.472638+00:00
762b6349-db7c-4202-9772-82182c77a969,1789961754038013,SACHET,Uttar-Pradesh-SDMA,Actual,Update,Met,Flood,Future,MODERATE,Moderate,Possible,2026-09-21T03:40:57+00:00,2026-09-21T03:40:59+00:00,2026-09-21T02:30:00+00:00,2026-09-21T03:40:57+00:00,2026-09-21T15:30:00+00:00,उत्तर प्रदेश के फर्रुखाबाद ज़िले के फतेहगढ़ में गंगा नदी आज सुबह 8:00 बजे भी सामान्य से ऊपर बाढ़ की स्थिति में बह रही है।,"River Ganga at Fatehgarh in Farukkabad district of Uttar Pradesh continues to flow in above normal flood situation at 8:00 am today. At 8:00 am, it was flowing at a level of 136.65 m with falling trend which is 0.05 m above its Warning Level of 136.6 m and 0.95 m below its Danger Level of 137.6 m.","Ganga, Fatehgarh, Farukkabad, Uttar Pradesh",,,False,,2026-09-21T03:45:14.600577+00:00
