id,created_at,source_type,raw_text,latitude,longitude,geom_point,h3_res8,media_url,credibility_score,event_id,duplicate_of,analysis
6f335a68-5b7e-4cc1-a75a-25282a8d7c41,2026-09-20T19:54:30.434261+00:00,CITIZEN_APP,"Kankarbagh underpass completely submerged, cars stuck",25.5955,85.139,0101000020E610000037894160E54855409CC420B072983940,883c138ca3fffff,,0.565,9f4e2c6c-19d9-4854-a362-7fcc1840a931,,"{""places"": [], ""depth_cm"": null, ""keywords"": [], ""language"": ""en"", ""url_count"": 0, ""depth_basis"": null, ""phone_count"": 0, ""cleaned_text"": ""Kankarbagh underpass completely submerged, cars stuck"", ""extracted_at"": ""2026-09-20T19:54:30.433201+00:00""}"
0c384e9e-54c1-4af2-904a-235c08cdda67,2026-09-20T19:54:30.442772+00:00,CITIZEN_APP,"Knee deep water outside my house, drain overflowing",25.593,85.136,0101000020E610000062105839B44855402B8716D9CE973940,883c138ca3fffff,,0.555,9f4e2c6c-19d9-4854-a362-7fcc1840a931,,"{""places"": [], ""depth_cm"": 50, ""keywords"": [], ""language"": ""en"", ""url_count"": 0, ""depth_basis"": ""body:knee"", ""phone_count"": 0, ""cleaned_text"": ""Knee deep water outside my house, drain overflowing"", ""extracted_at"": ""2026-09-20T19:54:30.442244+00:00""}"
c4a8ffcf-ca83-4be9-88a2-45d8f45c2a87,2026-09-20T19:54:30.422662+00:00,CITIZEN_APP,Water entering ground floor shops near Kankarbagh main road,25.5941,85.1376,0101000020E61000007FFB3A70CE485540B98D06F016983940,883c138ca3fffff,,0.595,9f4e2c6c-19d9-4854-a362-7fcc1840a931,,"{""places"": [], ""depth_cm"": null, ""keywords"": [], ""language"": ""en"", ""url_count"": 0, ""depth_basis"": null, ""phone_count"": 0, ""cleaned_text"": ""Water entering ground floor shops near Kankarbagh main road"", ""extracted_at"": ""2026-09-20T19:54:30.417009+00:00""}"
c5b14a9e-7681-415f-bf49-45344fa64327,2026-09-20T19:54:30.452511+00:00,CITIZEN_APP,"Flooding on the road to Patna junction, buses diverted",25.5968,85.1402,0101000020E61000008CB96B09F9485540B84082E2C7983940,883c138cbdfffff,,0.57,9f4e2c6c-19d9-4854-a362-7fcc1840a931,,"{""places"": [""Patna""], ""depth_cm"": null, ""keywords"": [], ""language"": ""en"", ""url_count"": 0, ""depth_basis"": null, ""phone_count"": 0, ""cleaned_text"": ""Flooding on the road to Patna junction, buses diverted"", ""extracted_at"": ""2026-09-20T19:54:30.451509+00:00""}"
d39396d5-9116-48c6-901b-e46e54cb1abc,2026-09-20T19:54:30.467057+00:00,CITIZEN_APP,Sewage water mixed with rain water on the street here,25.592,85.1345,0101000020E6100000F853E3A59B485540643BDF4F8D973940,883c138ca3fffff,,0.565,9f4e2c6c-19d9-4854-a362-7fcc1840a931,,"{""places"": [], ""depth_cm"": null, ""keywords"": [], ""language"": ""en"", ""url_count"": 0, ""depth_basis"": null, ""phone_count"": 0, ""cleaned_text"": ""Sewage water mixed with rain water on the street here"", ""extracted_at"": ""2026-09-20T19:54:30.465928+00:00""}"
b92d7f71-c93f-4aa5-b204-e65a27985e74,2026-09-21T03:43:44.891870+00:00,CITIZEN_APP,"E2E probe 1789962224852 — water rising near the underpass, knee deep",25.5941,85.1376,0101000020E61000007FFB3A70CE485540B98D06F016983940,883c138ca3fffff,,0.6,,,"{""places"": [], ""depth_cm"": 50, ""keywords"": [], ""language"": ""en"", ""url_count"": 0, ""depth_basis"": ""body:knee"", ""phone_count"": 0, ""cleaned_text"": ""E2E probe 1789962224852 — water rising near the underpass, knee deep"", ""extracted_at"": ""2026-09-21T03:43:44.888371+00:00""}"
55154884-4bf6-4951-a20d-630e5bd41ca3,2026-09-21T03:47:24.353229+00:00,CITIZEN_APP,"E2E probe 1789962444348 — water rising near the underpass, knee deep",25.5941,85.1376,0101000020E61000007FFB3A70CE485540B98D06F016983940,883c138ca3fffff,,0.6,,b92d7f71-c93f-4aa5-b204-e65a27985e74,"{""places"": [], ""depth_cm"": 50, ""keywords"": [], ""language"": ""en"", ""url_count"": 0, ""depth_basis"": ""body:knee"", ""phone_count"": 0, ""cleaned_text"": ""E2E probe 1789962444348 — water rising near the underpass, knee deep"", ""extracted_at"": ""2026-09-21T03:47:24.350216+00:00""}"
55fe1321-2836-4b2c-a4bb-900990f9af06,2026-09-21T03:51:03.425199+00:00,CITIZEN_APP,"E2E probe 1789962663386 — water rising near the underpass, knee deep",25.5941,85.1376,0101000020E61000007FFB3A70CE485540B98D06F016983940,883c138ca3fffff,,0.6,,b92d7f71-c93f-4aa5-b204-e65a27985e74,"{""places"": [], ""depth_cm"": 50, ""keywords"": [], ""language"": ""en"", ""url_count"": 0, ""depth_basis"": ""body:knee"", ""phone_count"": 0, ""cleaned_text"": ""E2E probe 1789962663386 — water rising near the underpass, knee deep"", ""extracted_at"": ""2026-09-21T03:51:03.422280+00:00""}"
acf6de31-9db1-4847-8102-180f3a90c40d,2026-09-21T03:53:04.306164+00:00,CITIZEN_APP,"E2E probe 1789962784303 — water rising near the underpass, knee deep",25.5941,85.1376,0101000020E61000007FFB3A70CE485540B98D06F016983940,883c138ca3fffff,,0.6,,b92d7f71-c93f-4aa5-b204-e65a27985e74,"{""places"": [], ""depth_cm"": 50, ""keywords"": [], ""language"": ""en"", ""url_count"": 0, ""depth_basis"": ""body:knee"", ""phone_count"": 0, ""cleaned_text"": ""E2E probe 1789962784303 — water rising near the underpass, knee deep"", ""extracted_at"": ""2026-09-21T03:53:04.305006+00:00""}"
