id,station_code,station_name,agency,station_location,rainfall_mm,river_level_m,anomaly_score,recorded_at
128437fe-818b-4bd2-86b7-f1538d431abb,OM-PATNA,Patna,OPEN_METEO,"{""type"":""Point"",""coordinates"":[85.1376,25.5941]}",0.2,,,2026-09-20T18:00:00+00:00
c2244d01-78d7-4f25-b104-cf745aaca728,OM-DELHI,Delhi,OPEN_METEO,"{""type"":""Point"",""coordinates"":[77.209,28.6139]}",1.5,,,2026-09-20T18:00:00+00:00
bb00af26-9e0f-47a2-94e3-c166a55096ed,OM-MUMBAI,Mumbai,OPEN_METEO,"{""type"":""Point"",""coordinates"":[72.8777,19.076]}",1.1,,,2026-09-20T18:00:00+00:00
800a0168-5738-460a-a318-9f6c2c081335,OM-CHENNAI,Chennai,OPEN_METEO,"{""type"":""Point"",""coordinates"":[80.2707,13.0827]}",2.4,,,2026-09-20T18:00:00+00:00
1dec6813-b8fc-4ee3-8db3-0d0f05e8f21e,OM-KOLKATA,Kolkata,OPEN_METEO,"{""type"":""Point"",""coordinates"":[88.3639,22.5726]}",17.2,,,2026-09-20T18:00:00+00:00
b2b4de61-58fe-4c55-9108-707d7612f9fd,OM-GUWAHATI,Guwahati,OPEN_METEO,"{""type"":""Point"",""coordinates"":[91.7362,26.1445]}",5.6,,,2026-09-20T18:00:00+00:00
87d0e85a-ef0d-4176-9f83-5aa44a724343,OM-PATNA,Patna,OPEN_METEO,"{""type"":""Point"",""coordinates"":[85.1376,25.5941]}",0.2,,,2026-09-20T18:00:00+00:00
cba480d3-37e3-4bb5-862d-206e7402e8b9,OM-DELHI,Delhi,OPEN_METEO,"{""type"":""Point"",""coordinates"":[77.209,28.6139]}",1.5,,,2026-09-20T18:00:00+00:00
a540c0f6-f913-4676-ab21-6d98927f9191,OM-MUMBAI,Mumbai,OPEN_METEO,"{""type"":""Point"",""coordinates"":[72.8777,19.076]}",1.1,,,2026-09-20T18:00:00+00:00
33702f56-30fa-45fb-b9e6-f0f8b8ec9e79,OM-CHENNAI,Chennai,OPEN_METEO,"{""type"":""Point"",""coordinates"":[80.2707,13.0827]}",2.4,,,2026-09-20T18:00:00+00:00
4533dff9-bf10-41b4-bfd4-3aa38b8bb0b7,OM-KOLKATA,Kolkata,OPEN_METEO,"{""type"":""Point"",""coordinates"":[88.3639,22.5726]}",17.2,,,2026-09-20T18:00:00+00:00
baddaedb-e009-47bd-9ab4-30a7e1963563,OM-GUWAHATI,Guwahati,OPEN_METEO,"{""type"":""Point"",""coordinates"":[91.7362,26.1445]}",5.6,,,2026-09-20T18:00:00+00:00
1c48688e-2018-4b84-bf60-171e98b4fb65,OM-PATNA,Patna,OPEN_METEO,"{""type"":""Point"",""coordinates"":[85.1376,25.5941]}",0.2,,,2026-09-20T19:00:00+00:00
096c40b4-18f5-4dd6-a8c1-538a79411738,OM-DELHI,Delhi,OPEN_METEO,"{""type"":""Point"",""coordinates"":[77.209,28.6139]}",1.5,,,2026-09-20T19:00:00+00:00
7229ce9e-36c8-4050-a683-eb4e653233eb,OM-MUMBAI,Mumbai,OPEN_METEO,"{""type"":""Point"",""coordinates"":[72.8777,19.076]}",1.1,,,2026-09-20T19:00:00+00:00
98a77639-4979-4cfd-a7f6-525d0d95cfaf,OM-CHENNAI,Chennai,OPEN_METEO,"{""type"":""Point"",""coordinates"":[80.2707,13.0827]}",4.6,,,2026-09-20T19:00:00+00:00
62b6c626-204f-4020-97eb-72de8deb9bd3,OM-KOLKATA,Kolkata,OPEN_METEO,"{""type"":""Point"",""coordinates"":[88.3639,22.5726]}",17.2,,,2026-09-20T19:00:00+00:00
0c3f017a-9817-4532-a723-fb42ca678ebd,OM-GUWAHATI,Guwahati,OPEN_METEO,"{""type"":""Point"",""coordinates"":[91.7362,26.1445]}",5.6,,,2026-09-20T19:00:00+00:00
4a3ab3a6-9139-48c7-9821-4d4c464961f5,OM-PATNA,Patna,OPEN_METEO,"{""type"":""Point"",""coordinates"":[85.1376,25.5941]}",0.3,,,2026-09-21T02:00:00+00:00
21ed68e1-5e69-4426-9f47-43f5a33ad36b,OM-DELHI,Delhi,OPEN_METEO,"{""type"":""Point"",""coordinates"":[77.209,28.6139]}",1.5,,,2026-09-21T02:00:00+00:00
197f4207-479e-42a8-8bab-a0ad4a80e52c,OM-MUMBAI,Mumbai,OPEN_METEO,"{""type"":""Point"",""coordinates"":[72.8777,19.076]}",0.3,,,2026-09-21T02:00:00+00:00
12d6ff68-e3ea-4668-a225-1bbc50a682e3,OM-CHENNAI,Chennai,OPEN_METEO,"{""type"":""Point"",""coordinates"":[80.2707,13.0827]}",10.0,,,2026-09-21T02:00:00+00:00
478d5267-1239-4aba-98d0-af07d43ec9bd,OM-KOLKATA,Kolkata,OPEN_METEO,"{""type"":""Point"",""coordinates"":[88.3639,22.5726]}",4.4,,,2026-09-21T02:00:00+00:00
d12fa6c0-9c1f-4629-815a-8e8f98938d9e,OM-GUWAHATI,Guwahati,OPEN_METEO,"{""type"":""Point"",""coordinates"":[91.7362,26.1445]}",5.5,,,2026-09-21T02:00:00+00:00
e36d804c-0f4e-4a6a-95c5-c23937cf7970,OM-PATNA,Patna,OPEN_METEO,"{""type"":""Point"",""coordinates"":[85.1376,25.5941]}",0.3,,,2026-09-21T02:00:00+00:00
2b17c664-2e2e-4e75-b52d-861520f84dbc,OM-DELHI,Delhi,OPEN_METEO,"{""type"":""Point"",""coordinates"":[77.209,28.6139]}",1.5,,,2026-09-21T02:00:00+00:00
e353e7b0-7b38-41e6-967f-c645d6d09409,OM-MUMBAI,Mumbai,OPEN_METEO,"{""type"":""Point"",""coordinates"":[72.8777,19.076]}",0.3,,,2026-09-21T02:00:00+00:00
586aa54b-c729-403f-8343-2acf175b44a6,OM-CHENNAI,Chennai,OPEN_METEO,"{""type"":""Point"",""coordinates"":[80.2707,13.0827]}",10.0,,,2026-09-21T02:00:00+00:00
f9004722-a389-4957-9a9a-418dd6980869,OM-KOLKATA,Kolkata,OPEN_METEO,"{""type"":""Point"",""coordinates"":[88.3639,22.5726]}",4.4,,,2026-09-21T02:00:00+00:00
1784555d-aef1-49bd-a76c-cc9f25a1ce04,OM-GUWAHATI,Guwahati,OPEN_METEO,"{""type"":""Point"",""coordinates"":[91.7362,26.1445]}",5.5,,,2026-09-21T02:00:00+00:00
e0996120-691c-4f0c-9fa4-6a4f175d076e,OM-PATNA,Patna,OPEN_METEO,"{""type"":""Point"",""coordinates"":[85.1376,25.5941]}",0.3,,,2026-09-21T02:00:00+00:00
6a7955aa-4c4a-4ac7-8678-14cd41e8b2a8,OM-DELHI,Delhi,OPEN_METEO,"{""type"":""Point"",""coordinates"":[77.209,28.6139]}",1.5,,,2026-09-21T02:00:00+00:00
c6d4c6f7-aaa5-4f0b-8f05-e6e3920eea9c,OM-MUMBAI,Mumbai,OPEN_METEO,"{""type"":""Point"",""coordinates"":[72.8777,19.076]}",0.3,,,2026-09-21T02:00:00+00:00
9ec11bc3-9c02-4093-b76a-7f0ec6acd8a5,OM-CHENNAI,Chennai,OPEN_METEO,"{""type"":""Point"",""coordinates"":[80.2707,13.0827]}",10.0,,,2026-09-21T02:00:00+00:00
c1e35592-255f-4be2-96ed-949302b94b26,OM-KOLKATA,Kolkata,OPEN_METEO,"{""type"":""Point"",""coordinates"":[88.3639,22.5726]}",4.4,,,2026-09-21T02:00:00+00:00
d6a2457f-5ea9-4749-8b69-e3e05799c841,OM-GUWAHATI,Guwahati,OPEN_METEO,"{""type"":""Point"",""coordinates"":[91.7362,26.1445]}",5.5,,,2026-09-21T02:00:00+00:00
3b7ab1bf-1d8e-4568-80da-9d606e8a6815,OM-PATNA,Patna,OPEN_METEO,"{""type"":""Point"",""coordinates"":[85.1376,25.5941]}",0.3,,,2026-09-21T02:00:00+00:00
2eb6bcab-df82-44e8-9923-3c471243e965,OM-DELHI,Delhi,OPEN_METEO,"{""type"":""Point"",""coordinates"":[77.209,28.6139]}",1.5,,,2026-09-21T02:00:00+00:00
479dcddf-0824-400b-906f-5cdfdd60edc3,OM-MUMBAI,Mumbai,OPEN_METEO,"{""type"":""Point"",""coordinates"":[72.8777,19.076]}",0.3,,,2026-09-21T02:00:00+00:00
4b862c1b-eca7-4f52-8fc6-22157bcc8865,OM-CHENNAI,Chennai,OPEN_METEO,"{""type"":""Point"",""coordinates"":[80.2707,13.0827]}",10.0,,,2026-09-21T02:00:00+00:00
3c10111c-d25d-41db-a3e5-f9eb14647ed8,OM-KOLKATA,Kolkata,OPEN_METEO,"{""type"":""Point"",""coordinates"":[88.3639,22.5726]}",4.4,,,2026-09-21T02:00:00+00:00
7b706234-36a5-482f-aa1a-671437bdf01c,OM-GUWAHATI,Guwahati,OPEN_METEO,"{""type"":""Point"",""coordinates"":[91.7362,26.1445]}",5.5,,,2026-09-21T02:00:00+00:00
c95fd6e7-d6c9-45f4-a90e-f3f411da9568,OM-PATNA,Patna,OPEN_METEO,"{""type"":""Point"",""coordinates"":[85.1376,25.5941]}",0.3,,,2026-09-21T02:00:00+00:00
35fe4a89-1028-4e8d-a01a-d77153733642,OM-DELHI,Delhi,OPEN_METEO,"{""type"":""Point"",""coordinates"":[77.209,28.6139]}",1.5,,,2026-09-21T02:00:00+00:00
63a9b7e5-edbf-489f-b9ee-59ae8539e524,OM-MUMBAI,Mumbai,OPEN_METEO,"{""type"":""Point"",""coordinates"":[72.8777,19.076]}",0.3,,,2026-09-21T02:00:00+00:00
06996c12-5d55-4875-9ffb-f2d0cbcc4d89,OM-CHENNAI,Chennai,OPEN_METEO,"{""type"":""Point"",""coordinates"":[80.2707,13.0827]}",10.0,,,2026-09-21T02:00:00+00:00
9c237b04-2b05-412e-abff-51eb96987cd5,OM-KOLKATA,Kolkata,OPEN_METEO,"{""type"":""Point"",""coordinates"":[88.3639,22.5726]}",4.4,,,2026-09-21T02:00:00+00:00
9bc1358e-e626-497e-a3b5-80a6fc51ba76,OM-GUWAHATI,Guwahati,OPEN_METEO,"{""type"":""Point"",""coordinates"":[91.7362,26.1445]}",5.5,,,2026-09-21T02:00:00+00:00
3ad3b28f-c271-483c-bbab-389be0eec577,OM-PATNA,Patna,OPEN_METEO,"{""type"":""Point"",""coordinates"":[85.1376,25.5941]}",0.3,,,2026-09-21T02:00:00+00:00
661dfe30-4011-496b-9013-30c61e650160,OM-DELHI,Delhi,OPEN_METEO,"{""type"":""Point"",""coordinates"":[77.209,28.6139]}",1.5,,,2026-09-21T02:00:00+00:00
b35494f6-bb81-447f-bf02-7acd516aa8c2,OM-MUMBAI,Mumbai,OPEN_METEO,"{""type"":""Point"",""coordinates"":[72.8777,19.076]}",0.3,,,2026-09-21T02:00:00+00:00
d3ae80a2-ae2b-4f6b-af64-627f1d01804b,OM-CHENNAI,Chennai,OPEN_METEO,"{""type"":""Point"",""coordinates"":[80.2707,13.0827]}",10.0,,,2026-09-21T02:00:00+00:00
2321e37d-1770-469e-8cbf-9f60f62a5799,OM-KOLKATA,Kolkata,OPEN_METEO,"{""type"":""Point"",""coordinates"":[88.3639,22.5726]}",4.4,,,2026-09-21T02:00:00+00:00
d989b221-cc5e-420c-bedb-0de1e6dd77d7,OM-GUWAHATI,Guwahati,OPEN_METEO,"{""type"":""Point"",""coordinates"":[91.7362,26.1445]}",5.5,,,2026-09-21T02:00:00+00:00
6b98d07e-20e1-46a2-ab61-31ed5e89dd34,OM-PATNA,Patna,OPEN_METEO,"{""type"":""Point"",""coordinates"":[85.1376,25.5941]}",0.3,,,2026-09-21T02:00:00+00:00
e0281cb7-9535-4fde-a5ea-7352bd2d5b3d,OM-DELHI,Delhi,OPEN_METEO,"{""type"":""Point"",""coordinates"":[77.209,28.6139]}",1.5,,,2026-09-21T02:00:00+00:00
5a9446be-684f-4363-a1c8-a8102333fcae,OM-MUMBAI,Mumbai,OPEN_METEO,"{""type"":""Point"",""coordinates"":[72.8777,19.076]}",0.3,,,2026-09-21T02:00:00+00:00
c6fa7485-3ebf-4f32-9cf1-4b006290f5dd,OM-CHENNAI,Chennai,OPEN_METEO,"{""type"":""Point"",""coordinates"":[80.2707,13.0827]}",10.0,,,2026-09-21T02:00:00+00:00
9e67de85-a4d2-4193-ba88-bf54d505345e,OM-KOLKATA,Kolkata,OPEN_METEO,"{""type"":""Point"",""coordinates"":[88.3639,22.5726]}",4.4,,,2026-09-21T02:00:00+00:00
432845b8-8c9f-4a80-a011-5b685fca4719,OM-GUWAHATI,Guwahati,OPEN_METEO,"{""type"":""Point"",""coordinates"":[91.7362,26.1445]}",5.5,,,2026-09-21T02:00:00+00:00
b8ad3688-2345-4648-9a14-83faa401e8cc,OM-PATNA,Patna,OPEN_METEO,"{""type"":""Point"",""coordinates"":[85.1376,25.5941]}",0.3,,,2026-09-21T02:00:00+00:00
6097f646-1177-43c3-a201-b0b5a6397e85,OM-DELHI,Delhi,OPEN_METEO,"{""type"":""Point"",""coordinates"":[77.209,28.6139]}",1.5,,,2026-09-21T02:00:00+00:00
d5aa9201-bc36-4cfb-bf3f-fb20882a4944,OM-MUMBAI,Mumbai,OPEN_METEO,"{""type"":""Point"",""coordinates"":[72.8777,19.076]}",0.3,,,2026-09-21T02:00:00+00:00
b1dd53f6-2580-4bbe-bf88-1f5045c175a5,OM-CHENNAI,Chennai,OPEN_METEO,"{""type"":""Point"",""coordinates"":[80.2707,13.0827]}",10.0,,,2026-09-21T02:00:00+00:00
8cdad91c-5903-482b-8c44-6e6b3d79b1de,OM-KOLKATA,Kolkata,OPEN_METEO,"{""type"":""Point"",""coordinates"":[88.3639,22.5726]}",4.4,,,2026-09-21T02:00:00+00:00
fcc31d42-3c2a-4b29-bfd8-4d3e27d021b9,OM-GUWAHATI,Guwahati,OPEN_METEO,"{""type"":""Point"",""coordinates"":[91.7362,26.1445]}",5.5,,,2026-09-21T02:00:00+00:00
c2932a83-2b53-429b-993c-b32eb60cae60,OM-PATNA,Patna,OPEN_METEO,"{""type"":""Point"",""coordinates"":[85.1376,25.5941]}",0.3,,,2026-09-21T02:00:00+00:00
50370f9b-2430-4349-9f26-cf9702f923a6,OM-DELHI,Delhi,OPEN_METEO,"{""type"":""Point"",""coordinates"":[77.209,28.6139]}",1.5,,,2026-09-21T02:00:00+00:00
a1e88e69-cc47-471a-a2fc-6728f4a21569,OM-MUMBAI,Mumbai,OPEN_METEO,"{""type"":""Point"",""coordinates"":[72.8777,19.076]}",0.3,,,2026-09-21T02:00:00+00:00
b48d90dd-0d17-4468-a8ae-1b25b5adf7b3,OM-CHENNAI,Chennai,OPEN_METEO,"{""type"":""Point"",""coordinates"":[80.2707,13.0827]}",10.0,,,2026-09-21T02:00:00+00:00
4101987a-06d3-476c-9442-e72f4db15da1,OM-KOLKATA,Kolkata,OPEN_METEO,"{""type"":""Point"",""coordinates"":[88.3639,22.5726]}",4.4,,,2026-09-21T02:00:00+00:00
6304fb6d-1bec-4cbd-847e-a552d7dee343,OM-GUWAHATI,Guwahati,OPEN_METEO,"{""type"":""Point"",""coordinates"":[91.7362,26.1445]}",5.5,,,2026-09-21T02:00:00+00:00
8029dfc9-44a5-468d-8192-c63cbd707d04,OM-PATNA,Patna,OPEN_METEO,"{""type"":""Point"",""coordinates"":[85.1376,25.5941]}",0.3,,,2026-09-21T02:00:00+00:00
59eb7aa8-85c1-479b-8756-7876d1b5557d,OM-DELHI,Delhi,OPEN_METEO,"{""type"":""Point"",""coordinates"":[77.209,28.6139]}",1.5,,,2026-09-21T02:00:00+00:00
f679522f-b3af-42db-8dca-873b4ae2e3ac,OM-MUMBAI,Mumbai,OPEN_METEO,"{""type"":""Point"",""coordinates"":[72.8777,19.076]}",0.3,,,2026-09-21T02:00:00+00:00
98c129ae-412c-4e88-b14c-1c18c6057907,OM-CHENNAI,Chennai,OPEN_METEO,"{""type"":""Point"",""coordinates"":[80.2707,13.0827]}",10.0,,,2026-09-21T02:00:00+00:00
6d3d9465-56fe-47a6-9567-839042b45809,OM-KOLKATA,Kolkata,OPEN_METEO,"{""type"":""Point"",""coordinates"":[88.3639,22.5726]}",4.4,,,2026-09-21T02:00:00+00:00
a6970832-7b66-45f1-a6c6-1b9d16fdde1e,OM-GUWAHATI,Guwahati,OPEN_METEO,"{""type"":""Point"",""coordinates"":[91.7362,26.1445]}",5.5,,,2026-09-21T02:00:00+00:00
